<transformation>
	<model-access
		className="gov.nih.nci.codegen.core.access.UML13ModelAccess"
		xmiURI="file:models/xmi/fixed_cacore3-0.xmi"
		modelName="EA Model"/>

	<filter-chain>
     <filter
     	name="model-filter"
     	className="gov.nih.nci.codegen.core.filter.UML13ModelFilter">
			<param name="modelName" value="EA Model"/>
     	</filter>
	</filter-chain>

	<transformer-chain>
	 <transformer name="ehcacheutil"
	 	className="gov.nih.nci.codegen.core.transformer.UML13EHCacheTransformer">

	 	<param name="basePackage" value="Logical View.Logical Model"/>
	 	<param name="database" value="@DATABASE@"/>
	 	<param name="cachepath" value="/usr/local/jboss-4.0.1sp1/server/default/log/cache"/>
	  <filter name="classifier" className="gov.nih.nci.codegen.core.filter.UML13ClassifierFilter">
	   <package>
	    <include>.*domain.*</include>
	   </package>
	  </filter>
	 </transformer>
	</transformer-chain>

	<artifact-handler
		className="gov.nih.nci.codegen.core.handler.SimpleFileHandler">

		<param name="outputDir" value="output/cacore30/conf/"/>
		<param name="fileName" value="ehcache.xml"/>

	</artifact-handler>

</transformation>




