<ehcache>
<diskStore path="/usr/local/jboss-4.0.1sp1/server/default/log/cache"/>
 <defaultCache
        maxElementsInMemory="500"
        eternal="false"
        timeToIdleSeconds="1800"
        timeToLiveSeconds="100000"
        overflowToDisk="true"
        /><cache name="gov.nih.nci.common.provenance.domain.impl.ProvenanceImpl"
maxElementsInMemory="500"
eternal="false"
timeToIdleSeconds="1800"
timeToLiveSeconds="100000"
overflowToDisk="true"
/>
<cache name="gov.nih.nci.common.provenance.domain.impl.SourceImpl"
maxElementsInMemory="500"
eternal="false"
timeToIdleSeconds="1800"
timeToLiveSeconds="100000"
overflowToDisk="true"
/>
<cache name="gov.nih.nci.common.provenance.domain.impl.SourceReferenceImpl"
maxElementsInMemory="500"
eternal="false"
timeToIdleSeconds="1800"
timeToLiveSeconds="100000"
overflowToDisk="true"
/>
<cache name="gov.nih.nci.common.provenance.domain.impl.SourceReferenceImpl.provenanceCollection"
maxElementsInMemory="500"
eternal="false"
timeToIdleSeconds="1800"
timeToLiveSeconds="100000"
overflowToDisk="true"
/>
<cache name="gov.nih.nci.common.provenance.domain.impl.URLSourceReferenceImpl"
maxElementsInMemory="500"
eternal="false"
timeToIdleSeconds="1800"
timeToLiveSeconds="100000"
overflowToDisk="true"
/>
<cache name="gov.nih.nci.common.provenance.domain.impl.PublicationSourceImpl"
maxElementsInMemory="500"
eternal="false"
timeToIdleSeconds="1800"
timeToLiveSeconds="100000"
overflowToDisk="true"
/>
<cache name="gov.nih.nci.common.provenance.domain.impl.ResearchInstitutionSourceImpl"
maxElementsInMemory="500"
eternal="false"
timeToIdleSeconds="1800"
timeToLiveSeconds="100000"
overflowToDisk="true"
/>
<cache name="gov.nih.nci.common.provenance.domain.impl.WebServicesSourceReferenceImpl"
maxElementsInMemory="500"
eternal="false"
timeToIdleSeconds="1800"
timeToLiveSeconds="100000"
overflowToDisk="true"
/>
<cache name="gov.nih.nci.common.provenance.domain.impl.InternetSourceImpl"
maxElementsInMemory="500"
eternal="false"
timeToIdleSeconds="1800"
timeToLiveSeconds="100000"
overflowToDisk="true"
/>
<cache name="gov.nih.nci.common.domain.impl.DatabaseCrossReferenceImpl"
maxElementsInMemory="500"
eternal="false"
timeToIdleSeconds="1800"
timeToLiveSeconds="100000"
overflowToDisk="true"
/>
<cache name="gov.nih.nci.cadsr.domain.impl.AdministeredComponentImpl"
maxElementsInMemory="500"
eternal="false"
timeToIdleSeconds="1800"
timeToLiveSeconds="100000"
overflowToDisk="true"
/>
<cache name="gov.nih.nci.cadsr.domain.impl.AdministeredComponentImpl.administeredComponentClassSchemeItemCollection"
maxElementsInMemory="500"
eternal="false"
timeToIdleSeconds="1800"
timeToLiveSeconds="100000"
overflowToDisk="true"
/>
<cache name="gov.nih.nci.cadsr.domain.impl.AdministeredComponentImpl.designationCollection"
maxElementsInMemory="500"
eternal="false"
timeToIdleSeconds="1800"
timeToLiveSeconds="100000"
overflowToDisk="true"
/>
<cache name="gov.nih.nci.cadsr.domain.impl.AdministeredComponentImpl.referenceDocumentCollection"
maxElementsInMemory="500"
eternal="false"
timeToIdleSeconds="1800"
timeToLiveSeconds="100000"
overflowToDisk="true"
/>
<cache name="gov.nih.nci.cadsr.domain.impl.AdministeredComponentImpl.definitionCollection"
maxElementsInMemory="500"
eternal="false"
timeToIdleSeconds="1800"
timeToLiveSeconds="100000"
overflowToDisk="true"
/>
<cache name="gov.nih.nci.cadsr.domain.impl.ConceptualDomainImpl"
maxElementsInMemory="500"
eternal="false"
timeToIdleSeconds="1800"
timeToLiveSeconds="100000"
overflowToDisk="true"
/>
<cache name="gov.nih.nci.cadsr.domain.impl.ConceptualDomainImpl.valueMeaningCollection"
maxElementsInMemory="500"
eternal="false"
timeToIdleSeconds="1800"
timeToLiveSeconds="100000"
overflowToDisk="true"
/>
<cache name="gov.nih.nci.cadsr.domain.impl.ConceptualDomainImpl.valueDomainCollection"
maxElementsInMemory="500"
eternal="false"
timeToIdleSeconds="1800"
timeToLiveSeconds="100000"
overflowToDisk="true"
/>
<cache name="gov.nih.nci.cadsr.domain.impl.ConceptualDomainImpl.dataElementConceptCollection"
maxElementsInMemory="500"
eternal="false"
timeToIdleSeconds="1800"
timeToLiveSeconds="100000"
overflowToDisk="true"
/>
<cache name="gov.nih.nci.cadsr.domain.impl.DataElementConceptImpl"
maxElementsInMemory="500"
eternal="false"
timeToIdleSeconds="1800"
timeToLiveSeconds="100000"
overflowToDisk="true"
/>
<cache name="gov.nih.nci.cadsr.domain.impl.DataElementConceptImpl.dataElementCollection"
maxElementsInMemory="500"
eternal="false"
timeToIdleSeconds="1800"
timeToLiveSeconds="100000"
overflowToDisk="true"
/>
<cache name="gov.nih.nci.cadsr.domain.impl.DataElementConceptImpl.childDataElementConceptRelationshipCollection"
maxElementsInMemory="500"
eternal="false"
timeToIdleSeconds="1800"
timeToLiveSeconds="100000"
overflowToDisk="true"
/>
<cache name="gov.nih.nci.cadsr.domain.impl.DataElementConceptImpl.parentDataElementConceptRelationshipCollection"
maxElementsInMemory="500"
eternal="false"
timeToIdleSeconds="1800"
timeToLiveSeconds="100000"
overflowToDisk="true"
/>
<cache name="gov.nih.nci.cadsr.domain.impl.DataElementImpl"
maxElementsInMemory="500"
eternal="false"
timeToIdleSeconds="1800"
timeToLiveSeconds="100000"
overflowToDisk="true"
/>
<cache name="gov.nih.nci.cadsr.domain.impl.DataElementImpl.questionCollection"
maxElementsInMemory="500"
eternal="false"
timeToIdleSeconds="1800"
timeToLiveSeconds="100000"
overflowToDisk="true"
/>
<cache name="gov.nih.nci.cadsr.domain.impl.DataElementImpl.parentDataElementRelationshipsCollection"
maxElementsInMemory="500"
eternal="false"
timeToIdleSeconds="1800"
timeToLiveSeconds="100000"
overflowToDisk="true"
/>
<cache name="gov.nih.nci.cadsr.domain.impl.DataElementImpl.dataElementDerivationCollection"
maxElementsInMemory="500"
eternal="false"
timeToIdleSeconds="1800"
timeToLiveSeconds="100000"
overflowToDisk="true"
/>
<cache name="gov.nih.nci.cadsr.domain.impl.DataElementImpl.childDataElementRelationshipsCollection"
maxElementsInMemory="500"
eternal="false"
timeToIdleSeconds="1800"
timeToLiveSeconds="100000"
overflowToDisk="true"
/>
<cache name="gov.nih.nci.cadsr.domain.impl.ClassificationSchemeImpl"
maxElementsInMemory="500"
eternal="false"
timeToIdleSeconds="1800"
timeToLiveSeconds="100000"
overflowToDisk="true"
/>
<cache name="gov.nih.nci.cadsr.domain.impl.ClassificationSchemeImpl.classSchemeClassSchemeItemCollection"
maxElementsInMemory="500"
eternal="false"
timeToIdleSeconds="1800"
timeToLiveSeconds="100000"
overflowToDisk="true"
/>
<cache name="gov.nih.nci.cadsr.domain.impl.ClassificationSchemeImpl.parentClassificationSchemeRelationshipCollection"
maxElementsInMemory="500"
eternal="false"
timeToIdleSeconds="1800"
timeToLiveSeconds="100000"
overflowToDisk="true"
/>
<cache name="gov.nih.nci.cadsr.domain.impl.ClassificationSchemeImpl.childClassificationSchemeRelationshipCollection"
maxElementsInMemory="500"
eternal="false"
timeToIdleSeconds="1800"
timeToLiveSeconds="100000"
overflowToDisk="true"
/>
<cache name="gov.nih.nci.cadsr.domain.impl.ValueDomainImpl"
maxElementsInMemory="500"
eternal="false"
timeToIdleSeconds="1800"
timeToLiveSeconds="100000"
overflowToDisk="true"
/>
<cache name="gov.nih.nci.cadsr.domain.impl.ValueDomainImpl.parentValueDomainRelationshipCollection"
maxElementsInMemory="500"
eternal="false"
timeToIdleSeconds="1800"
timeToLiveSeconds="100000"
overflowToDisk="true"
/>
<cache name="gov.nih.nci.cadsr.domain.impl.ValueDomainImpl.questionCollection"
maxElementsInMemory="500"
eternal="false"
timeToIdleSeconds="1800"
timeToLiveSeconds="100000"
overflowToDisk="true"
/>
<cache name="gov.nih.nci.cadsr.domain.impl.ValueDomainImpl.dataElementCollection"
maxElementsInMemory="500"
eternal="false"
timeToIdleSeconds="1800"
timeToLiveSeconds="100000"
overflowToDisk="true"
/>
<cache name="gov.nih.nci.cadsr.domain.impl.ValueDomainImpl.childValueDomainRelationshipCollection"
maxElementsInMemory="500"
eternal="false"
timeToIdleSeconds="1800"
timeToLiveSeconds="100000"
overflowToDisk="true"
/>
<cache name="gov.nih.nci.cadsr.domain.impl.ClassificationSchemeItemImpl"
maxElementsInMemory="500"
eternal="false"
timeToIdleSeconds="1800"
timeToLiveSeconds="100000"
overflowToDisk="true"
/>
<cache name="gov.nih.nci.cadsr.domain.impl.ClassificationSchemeItemImpl.classSchemeClassSchemeItemCollection"
maxElementsInMemory="500"
eternal="false"
timeToIdleSeconds="1800"
timeToLiveSeconds="100000"
overflowToDisk="true"
/>
<cache name="gov.nih.nci.cadsr.domain.impl.ClassificationSchemeItemImpl.parentClassificationSchemeItemRelationshipCollection"
maxElementsInMemory="500"
eternal="false"
timeToIdleSeconds="1800"
timeToLiveSeconds="100000"
overflowToDisk="true"
/>
<cache name="gov.nih.nci.cadsr.domain.impl.ClassificationSchemeItemImpl.childClassificationSchemeItemRelationshipCollection"
maxElementsInMemory="500"
eternal="false"
timeToIdleSeconds="1800"
timeToLiveSeconds="100000"
overflowToDisk="true"
/>
<cache name="gov.nih.nci.cadsr.domain.impl.PermissibleValueImpl"
maxElementsInMemory="500"
eternal="false"
timeToIdleSeconds="1800"
timeToLiveSeconds="100000"
overflowToDisk="true"
/>
<cache name="gov.nih.nci.cadsr.domain.impl.PermissibleValueImpl.valueDomainPermissibleValueCollection"
maxElementsInMemory="500"
eternal="false"
timeToIdleSeconds="1800"
timeToLiveSeconds="100000"
overflowToDisk="true"
/>
<cache name="gov.nih.nci.cadsr.domain.impl.ContextImpl"
maxElementsInMemory="500"
eternal="false"
timeToIdleSeconds="1800"
timeToLiveSeconds="100000"
overflowToDisk="true"
/>
<cache name="gov.nih.nci.cadsr.domain.impl.ContextImpl.designationCollection"
maxElementsInMemory="500"
eternal="false"
timeToIdleSeconds="1800"
timeToLiveSeconds="100000"
overflowToDisk="true"
/>
<cache name="gov.nih.nci.cadsr.domain.impl.ContextImpl.referenceDocumentCollection"
maxElementsInMemory="500"
eternal="false"
timeToIdleSeconds="1800"
timeToLiveSeconds="100000"
overflowToDisk="true"
/>
<cache name="gov.nih.nci.cadsr.domain.impl.ContextImpl.definitionCollection"
maxElementsInMemory="500"
eternal="false"
timeToIdleSeconds="1800"
timeToLiveSeconds="100000"
overflowToDisk="true"
/>
<cache name="gov.nih.nci.cadsr.domain.impl.ReferenceDocumentImpl"
maxElementsInMemory="500"
eternal="false"
timeToIdleSeconds="1800"
timeToLiveSeconds="100000"
overflowToDisk="true"
/>
<cache name="gov.nih.nci.cadsr.domain.impl.ObjectClassImpl"
maxElementsInMemory="500"
eternal="false"
timeToIdleSeconds="1800"
timeToLiveSeconds="100000"
overflowToDisk="true"
/>
<cache name="gov.nih.nci.cadsr.domain.impl.ObjectClassImpl.targetObjectClassRelationshipCollection"
maxElementsInMemory="500"
eternal="false"
timeToIdleSeconds="1800"
timeToLiveSeconds="100000"
overflowToDisk="true"
/>
<cache name="gov.nih.nci.cadsr.domain.impl.ObjectClassImpl.sourcObjectClassRelationshipCollection"
maxElementsInMemory="500"
eternal="false"
timeToIdleSeconds="1800"
timeToLiveSeconds="100000"
overflowToDisk="true"
/>
<cache name="gov.nih.nci.cadsr.domain.impl.ObjectClassImpl.dataElementConceptCollection"
maxElementsInMemory="500"
eternal="false"
timeToIdleSeconds="1800"
timeToLiveSeconds="100000"
overflowToDisk="true"
/>
<cache name="gov.nih.nci.cadsr.domain.impl.PropertyImpl"
maxElementsInMemory="500"
eternal="false"
timeToIdleSeconds="1800"
timeToLiveSeconds="100000"
overflowToDisk="true"
/>
<cache name="gov.nih.nci.cadsr.domain.impl.PropertyImpl.dataElementConceptCollection"
maxElementsInMemory="500"
eternal="false"
timeToIdleSeconds="1800"
timeToLiveSeconds="100000"
overflowToDisk="true"
/>
<cache name="gov.nih.nci.cadsr.domain.impl.ProtocolFormsTemplateImpl"
maxElementsInMemory="500"
eternal="false"
timeToIdleSeconds="1800"
timeToLiveSeconds="100000"
overflowToDisk="true"
/>
<cache name="gov.nih.nci.cadsr.domain.impl.ProtocolFormsTemplateImpl.instructionCollection"
maxElementsInMemory="500"
eternal="false"
timeToIdleSeconds="1800"
timeToLiveSeconds="100000"
overflowToDisk="true"
/>
<cache name="gov.nih.nci.cadsr.domain.impl.ProtocolFormsTemplateImpl.moduleCollection"
maxElementsInMemory="500"
eternal="false"
timeToIdleSeconds="1800"
timeToLiveSeconds="100000"
overflowToDisk="true"
/>
<cache name="gov.nih.nci.cadsr.domain.impl.CaseReportFormImpl"
maxElementsInMemory="500"
eternal="false"
timeToIdleSeconds="1800"
timeToLiveSeconds="100000"
overflowToDisk="true"
/>
<cache name="gov.nih.nci.cadsr.domain.impl.CaseReportFormImpl.instructionCollection"
maxElementsInMemory="500"
eternal="false"
timeToIdleSeconds="1800"
timeToLiveSeconds="100000"
overflowToDisk="true"
/>
<cache name="gov.nih.nci.cadsr.domain.impl.CaseReportFormImpl.moduleCollection"
maxElementsInMemory="500"
eternal="false"
timeToIdleSeconds="1800"
timeToLiveSeconds="100000"
overflowToDisk="true"
/>
<cache name="gov.nih.nci.cadsr.domain.impl.ModuleImpl"
maxElementsInMemory="500"
eternal="false"
timeToIdleSeconds="1800"
timeToLiveSeconds="100000"
overflowToDisk="true"
/>
<cache name="gov.nih.nci.cadsr.domain.impl.ModuleImpl.questionCollection"
maxElementsInMemory="500"
eternal="false"
timeToIdleSeconds="1800"
timeToLiveSeconds="100000"
overflowToDisk="true"
/>
<cache name="gov.nih.nci.cadsr.domain.impl.ModuleImpl.instructionCollection"
maxElementsInMemory="500"
eternal="false"
timeToIdleSeconds="1800"
timeToLiveSeconds="100000"
overflowToDisk="true"
/>
<cache name="gov.nih.nci.cadsr.domain.impl.ProtocolFormsSetImpl"
maxElementsInMemory="500"
eternal="false"
timeToIdleSeconds="1800"
timeToLiveSeconds="100000"
overflowToDisk="true"
/>
<cache name="gov.nih.nci.cadsr.domain.impl.ProtocolFormsSetImpl.caseReportFormCollection"
maxElementsInMemory="500"
eternal="false"
timeToIdleSeconds="1800"
timeToLiveSeconds="100000"
overflowToDisk="true"
/>
<cache name="gov.nih.nci.cadsr.domain.impl.QuestionImpl"
maxElementsInMemory="500"
eternal="false"
timeToIdleSeconds="1800"
timeToLiveSeconds="100000"
overflowToDisk="true"
/>
<cache name="gov.nih.nci.cadsr.domain.impl.QuestionImpl.validValueCollection"
maxElementsInMemory="500"
eternal="false"
timeToIdleSeconds="1800"
timeToLiveSeconds="100000"
overflowToDisk="true"
/>
<cache name="gov.nih.nci.cadsr.domain.impl.QuestionImpl.instructionCollection"
maxElementsInMemory="500"
eternal="false"
timeToIdleSeconds="1800"
timeToLiveSeconds="100000"
overflowToDisk="true"
/>
<cache name="gov.nih.nci.cadsr.domain.impl.QualifierImpl"
maxElementsInMemory="500"
eternal="false"
timeToIdleSeconds="1800"
timeToLiveSeconds="100000"
overflowToDisk="true"
/>
<cache name="gov.nih.nci.cadsr.domain.impl.QualifierImpl.DECPropertyCollection"
maxElementsInMemory="500"
eternal="false"
timeToIdleSeconds="1800"
timeToLiveSeconds="100000"
overflowToDisk="true"
/>
<cache name="gov.nih.nci.cadsr.domain.impl.QualifierImpl.DECObjectClassCollection"
maxElementsInMemory="500"
eternal="false"
timeToIdleSeconds="1800"
timeToLiveSeconds="100000"
overflowToDisk="true"
/>
<cache name="gov.nih.nci.cadsr.domain.impl.QualifierImpl.VDRepresentationCollection"
maxElementsInMemory="500"
eternal="false"
timeToIdleSeconds="1800"
timeToLiveSeconds="100000"
overflowToDisk="true"
/>
<cache name="gov.nih.nci.cadsr.domain.impl.RepresentationImpl"
maxElementsInMemory="500"
eternal="false"
timeToIdleSeconds="1800"
timeToLiveSeconds="100000"
overflowToDisk="true"
/>
<cache name="gov.nih.nci.cadsr.domain.impl.RepresentationImpl.valueDomainCollection"
maxElementsInMemory="500"
eternal="false"
timeToIdleSeconds="1800"
timeToLiveSeconds="100000"
overflowToDisk="true"
/>
<cache name="gov.nih.nci.cadsr.domain.impl.ValidValueImpl"
maxElementsInMemory="500"
eternal="false"
timeToIdleSeconds="1800"
timeToLiveSeconds="100000"
overflowToDisk="true"
/>
<cache name="gov.nih.nci.cadsr.domain.impl.ValidValueImpl.instructionCollection"
maxElementsInMemory="500"
eternal="false"
timeToIdleSeconds="1800"
timeToLiveSeconds="100000"
overflowToDisk="true"
/>
<cache name="gov.nih.nci.cadsr.domain.impl.DesignationImpl"
maxElementsInMemory="500"
eternal="false"
timeToIdleSeconds="1800"
timeToLiveSeconds="100000"
overflowToDisk="true"
/>
<cache name="gov.nih.nci.cadsr.domain.impl.DesignationImpl.designationClassSchemeItemCollection"
maxElementsInMemory="500"
eternal="false"
timeToIdleSeconds="1800"
timeToLiveSeconds="100000"
overflowToDisk="true"
/>
<cache name="gov.nih.nci.cadsr.domain.impl.NonenumeratedValueDomainImpl"
maxElementsInMemory="500"
eternal="false"
timeToIdleSeconds="1800"
timeToLiveSeconds="100000"
overflowToDisk="true"
/>
<cache name="gov.nih.nci.cadsr.domain.impl.DataElementConceptRelationshipImpl"
maxElementsInMemory="500"
eternal="false"
timeToIdleSeconds="1800"
timeToLiveSeconds="100000"
overflowToDisk="true"
/>
<cache name="gov.nih.nci.cadsr.domain.impl.ValueMeaningImpl"
maxElementsInMemory="500"
eternal="false"
timeToIdleSeconds="1800"
timeToLiveSeconds="100000"
overflowToDisk="true"
/>
<cache name="gov.nih.nci.cadsr.domain.impl.ValueMeaningImpl.permissableValueCollection"
maxElementsInMemory="500"
eternal="false"
timeToIdleSeconds="1800"
timeToLiveSeconds="100000"
overflowToDisk="true"
/>
<cache name="gov.nih.nci.cadsr.domain.impl.ValueMeaningImpl.conceptualDomainCollection"
maxElementsInMemory="500"
eternal="false"
timeToIdleSeconds="1800"
timeToLiveSeconds="100000"
overflowToDisk="true"
/>
<cache name="gov.nih.nci.cadsr.domain.impl.ValueDomainPermissibleValueImpl"
maxElementsInMemory="500"
eternal="false"
timeToIdleSeconds="1800"
timeToLiveSeconds="100000"
overflowToDisk="true"
/>
<cache name="gov.nih.nci.cadsr.domain.impl.ValueDomainPermissibleValueImpl.validValueCollection"
maxElementsInMemory="500"
eternal="false"
timeToIdleSeconds="1800"
timeToLiveSeconds="100000"
overflowToDisk="true"
/>
<cache name="gov.nih.nci.cadsr.domain.impl.ClassSchemeClassSchemeItemImpl"
maxElementsInMemory="500"
eternal="false"
timeToIdleSeconds="1800"
timeToLiveSeconds="100000"
overflowToDisk="true"
/>
<cache name="gov.nih.nci.cadsr.domain.impl.ClassSchemeClassSchemeItemImpl.administeredComponentClassSchemeItemCollection"
maxElementsInMemory="500"
eternal="false"
timeToIdleSeconds="1800"
timeToLiveSeconds="100000"
overflowToDisk="true"
/>
<cache name="gov.nih.nci.cadsr.domain.impl.ClassSchemeClassSchemeItemImpl.definitionClassSchemeItemCollection"
maxElementsInMemory="500"
eternal="false"
timeToIdleSeconds="1800"
timeToLiveSeconds="100000"
overflowToDisk="true"
/>
<cache name="gov.nih.nci.cadsr.domain.impl.ClassSchemeClassSchemeItemImpl.designationClassSchemeItemCollection"
maxElementsInMemory="500"
eternal="false"
timeToIdleSeconds="1800"
timeToLiveSeconds="100000"
overflowToDisk="true"
/>
<cache name="gov.nih.nci.cadsr.domain.impl.ClassSchemeClassSchemeItemImpl.childClassSchemeClassSchemeItemCollection"
maxElementsInMemory="500"
eternal="false"
timeToIdleSeconds="1800"
timeToLiveSeconds="100000"
overflowToDisk="true"
/>
<cache name="gov.nih.nci.cadsr.domain.impl.DataElementDerivationImpl"
maxElementsInMemory="500"
eternal="false"
timeToIdleSeconds="1800"
timeToLiveSeconds="100000"
overflowToDisk="true"
/>
<cache name="gov.nih.nci.cadsr.domain.impl.DerivedDataElementImpl"
maxElementsInMemory="500"
eternal="false"
timeToIdleSeconds="1800"
timeToLiveSeconds="100000"
overflowToDisk="true"
/>
<cache name="gov.nih.nci.cadsr.domain.impl.DerivedDataElementImpl.dataElementDerivationCollection"
maxElementsInMemory="500"
eternal="false"
timeToIdleSeconds="1800"
timeToLiveSeconds="100000"
overflowToDisk="true"
/>
<cache name="gov.nih.nci.cadsr.domain.impl.DerivationTypeImpl"
maxElementsInMemory="500"
eternal="false"
timeToIdleSeconds="1800"
timeToLiveSeconds="100000"
overflowToDisk="true"
/>
<cache name="gov.nih.nci.cadsr.domain.impl.DerivationTypeImpl.derivedDataElementCollection"
maxElementsInMemory="500"
eternal="false"
timeToIdleSeconds="1800"
timeToLiveSeconds="100000"
overflowToDisk="true"
/>
<cache name="gov.nih.nci.cadsr.domain.impl.DerivationTypeImpl.conceptDerivationRuleCollection"
maxElementsInMemory="500"
eternal="false"
timeToIdleSeconds="1800"
timeToLiveSeconds="100000"
overflowToDisk="true"
/>
<cache name="gov.nih.nci.cadsr.domain.impl.AdministeredComponentClassSchemeItemImpl"
maxElementsInMemory="500"
eternal="false"
timeToIdleSeconds="1800"
timeToLiveSeconds="100000"
overflowToDisk="true"
/>
<cache name="gov.nih.nci.cadsr.domain.impl.InstructionImpl"
maxElementsInMemory="500"
eternal="false"
timeToIdleSeconds="1800"
timeToLiveSeconds="100000"
overflowToDisk="true"
/>
<cache name="gov.nih.nci.cadsr.domain.impl.DataElementRelationshipImpl"
maxElementsInMemory="500"
eternal="false"
timeToIdleSeconds="1800"
timeToLiveSeconds="100000"
overflowToDisk="true"
/>
<cache name="gov.nih.nci.cadsr.domain.impl.ValueDomainRelationshipImpl"
maxElementsInMemory="500"
eternal="false"
timeToIdleSeconds="1800"
timeToLiveSeconds="100000"
overflowToDisk="true"
/>
<cache name="gov.nih.nci.cadsr.domain.impl.ClassificationSchemeRelationshipImpl"
maxElementsInMemory="500"
eternal="false"
timeToIdleSeconds="1800"
timeToLiveSeconds="100000"
overflowToDisk="true"
/>
<cache name="gov.nih.nci.cadsr.domain.impl.ClassificationSchemeItemRelationshipImpl"
maxElementsInMemory="500"
eternal="false"
timeToIdleSeconds="1800"
timeToLiveSeconds="100000"
overflowToDisk="true"
/>
<cache name="gov.nih.nci.cadsr.domain.impl.ObjectClassRelationshipImpl"
maxElementsInMemory="500"
eternal="false"
timeToIdleSeconds="1800"
timeToLiveSeconds="100000"
overflowToDisk="true"
/>
<cache name="gov.nih.nci.cadsr.domain.impl.ConceptImpl"
maxElementsInMemory="500"
eternal="false"
timeToIdleSeconds="1800"
timeToLiveSeconds="100000"
overflowToDisk="true"
/>
<cache name="gov.nih.nci.cadsr.domain.impl.ConceptImpl.valueDomainPermissibleValueCollection"
maxElementsInMemory="500"
eternal="false"
timeToIdleSeconds="1800"
timeToLiveSeconds="100000"
overflowToDisk="true"
/>
<cache name="gov.nih.nci.cadsr.domain.impl.ConceptImpl.componentConceptCollection"
maxElementsInMemory="500"
eternal="false"
timeToIdleSeconds="1800"
timeToLiveSeconds="100000"
overflowToDisk="true"
/>
<cache name="gov.nih.nci.cadsr.domain.impl.ComponentConceptImpl"
maxElementsInMemory="500"
eternal="false"
timeToIdleSeconds="1800"
timeToLiveSeconds="100000"
overflowToDisk="true"
/>
<cache name="gov.nih.nci.cadsr.domain.impl.ConceptDerivationRuleImpl"
maxElementsInMemory="500"
eternal="false"
timeToIdleSeconds="1800"
timeToLiveSeconds="100000"
overflowToDisk="true"
/>
<cache name="gov.nih.nci.cadsr.domain.impl.ConceptDerivationRuleImpl.qualifierCollection"
maxElementsInMemory="500"
eternal="false"
timeToIdleSeconds="1800"
timeToLiveSeconds="100000"
overflowToDisk="true"
/>
<cache name="gov.nih.nci.cadsr.domain.impl.ConceptDerivationRuleImpl.valueMeaningCollection"
maxElementsInMemory="500"
eternal="false"
timeToIdleSeconds="1800"
timeToLiveSeconds="100000"
overflowToDisk="true"
/>
<cache name="gov.nih.nci.cadsr.domain.impl.ConceptDerivationRuleImpl.valueDomainCollection"
maxElementsInMemory="500"
eternal="false"
timeToIdleSeconds="1800"
timeToLiveSeconds="100000"
overflowToDisk="true"
/>
<cache name="gov.nih.nci.cadsr.domain.impl.ConceptDerivationRuleImpl.propertyCollection"
maxElementsInMemory="500"
eternal="false"
timeToIdleSeconds="1800"
timeToLiveSeconds="100000"
overflowToDisk="true"
/>
<cache name="gov.nih.nci.cadsr.domain.impl.ConceptDerivationRuleImpl.objectClassCollection"
maxElementsInMemory="500"
eternal="false"
timeToIdleSeconds="1800"
timeToLiveSeconds="100000"
overflowToDisk="true"
/>
<cache name="gov.nih.nci.cadsr.domain.impl.ConceptDerivationRuleImpl.componentConceptCollection"
maxElementsInMemory="500"
eternal="false"
timeToIdleSeconds="1800"
timeToLiveSeconds="100000"
overflowToDisk="true"
/>
<cache name="gov.nih.nci.cadsr.domain.impl.ConceptDerivationRuleImpl.representationCollection"
maxElementsInMemory="500"
eternal="false"
timeToIdleSeconds="1800"
timeToLiveSeconds="100000"
overflowToDisk="true"
/>
<cache name="gov.nih.nci.cadsr.domain.impl.ConceptDerivationRuleImpl.conceptualDomainCollection"
maxElementsInMemory="500"
eternal="false"
timeToIdleSeconds="1800"
timeToLiveSeconds="100000"
overflowToDisk="true"
/>
<cache name="gov.nih.nci.cadsr.domain.impl.DefinitionImpl"
maxElementsInMemory="500"
eternal="false"
timeToIdleSeconds="1800"
timeToLiveSeconds="100000"
overflowToDisk="true"
/>
<cache name="gov.nih.nci.cadsr.domain.impl.DefinitionImpl.definitionClassSchemeItemCollection"
maxElementsInMemory="500"
eternal="false"
timeToIdleSeconds="1800"
timeToLiveSeconds="100000"
overflowToDisk="true"
/>
<cache name="gov.nih.nci.cadsr.domain.impl.DesignationClassSchemeItemImpl"
maxElementsInMemory="500"
eternal="false"
timeToIdleSeconds="1800"
timeToLiveSeconds="100000"
overflowToDisk="true"
/>
<cache name="gov.nih.nci.cadsr.domain.impl.EnumeratedValueDomainImpl"
maxElementsInMemory="500"
eternal="false"
timeToIdleSeconds="1800"
timeToLiveSeconds="100000"
overflowToDisk="true"
/>
<cache name="gov.nih.nci.cadsr.domain.impl.EnumeratedValueDomainImpl.valueDomainPermissibleValueCollection"
maxElementsInMemory="500"
eternal="false"
timeToIdleSeconds="1800"
timeToLiveSeconds="100000"
overflowToDisk="true"
/>
<cache name="gov.nih.nci.cadsr.domain.impl.DefinitionClassSchemeItemImpl"
maxElementsInMemory="500"
eternal="false"
timeToIdleSeconds="1800"
timeToLiveSeconds="100000"
overflowToDisk="true"
/>
<cache name="gov.nih.nci.camod.domain.impl.XenograftImpl"
maxElementsInMemory="500"
eternal="false"
timeToIdleSeconds="1800"
timeToLiveSeconds="100000"
overflowToDisk="true"
/>
<cache name="gov.nih.nci.camod.domain.impl.XenograftImpl.invivoResultCollection"
maxElementsInMemory="500"
eternal="false"
timeToIdleSeconds="1800"
timeToLiveSeconds="100000"
overflowToDisk="true"
/>
<cache name="gov.nih.nci.camod.domain.impl.TreatmentScheduleImpl"
maxElementsInMemory="500"
eternal="false"
timeToIdleSeconds="1800"
timeToLiveSeconds="100000"
overflowToDisk="true"
/>
<cache name="gov.nih.nci.camod.domain.impl.TransgeneImpl"
maxElementsInMemory="500"
eternal="false"
timeToIdleSeconds="1800"
timeToLiveSeconds="100000"
overflowToDisk="true"
/>
<cache name="gov.nih.nci.camod.domain.impl.TransgeneImpl.regulatoryElementCollection"
maxElementsInMemory="500"
eternal="false"
timeToIdleSeconds="1800"
timeToLiveSeconds="100000"
overflowToDisk="true"
/>
<cache name="gov.nih.nci.camod.domain.impl.TherapyImpl"
maxElementsInMemory="500"
eternal="false"
timeToIdleSeconds="1800"
timeToLiveSeconds="100000"
overflowToDisk="true"
/>
<cache name="gov.nih.nci.camod.domain.impl.TherapyImpl.publicationCollection"
maxElementsInMemory="500"
eternal="false"
timeToIdleSeconds="1800"
timeToLiveSeconds="100000"
overflowToDisk="true"
/>
<cache name="gov.nih.nci.camod.domain.impl.TargetedModificationImpl"
maxElementsInMemory="500"
eternal="false"
timeToIdleSeconds="1800"
timeToLiveSeconds="100000"
overflowToDisk="true"
/>
<cache name="gov.nih.nci.camod.domain.impl.TargetedModificationImpl.modificationTypeCollection"
maxElementsInMemory="500"
eternal="false"
timeToIdleSeconds="1800"
timeToLiveSeconds="100000"
overflowToDisk="true"
/>
<cache name="gov.nih.nci.camod.domain.impl.SexDistributionImpl"
maxElementsInMemory="500"
eternal="false"
timeToIdleSeconds="1800"
timeToLiveSeconds="100000"
overflowToDisk="true"
/>
<cache name="gov.nih.nci.camod.domain.impl.SegmentTypeImpl"
maxElementsInMemory="500"
eternal="false"
timeToIdleSeconds="1800"
timeToLiveSeconds="100000"
overflowToDisk="true"
/>
<cache name="gov.nih.nci.camod.domain.impl.RoleImpl"
maxElementsInMemory="500"
eternal="false"
timeToIdleSeconds="1800"
timeToLiveSeconds="100000"
overflowToDisk="true"
/>
<cache name="gov.nih.nci.camod.domain.impl.RoleImpl.partyRoleCollection"
maxElementsInMemory="500"
eternal="false"
timeToIdleSeconds="1800"
timeToLiveSeconds="100000"
overflowToDisk="true"
/>
<cache name="gov.nih.nci.camod.domain.impl.RepositoryInfoImpl"
maxElementsInMemory="500"
eternal="false"
timeToIdleSeconds="1800"
timeToLiveSeconds="100000"
overflowToDisk="true"
/>
<cache name="gov.nih.nci.camod.domain.impl.RegulatoryElementTypeImpl"
maxElementsInMemory="500"
eternal="false"
timeToIdleSeconds="1800"
timeToLiveSeconds="100000"
overflowToDisk="true"
/>
<cache name="gov.nih.nci.camod.domain.impl.RegulatoryElementImpl"
maxElementsInMemory="500"
eternal="false"
timeToIdleSeconds="1800"
timeToLiveSeconds="100000"
overflowToDisk="true"
/>
<cache name="gov.nih.nci.camod.domain.impl.RegulatoryElementImpl.promoterCollection"
maxElementsInMemory="500"
eternal="false"
timeToIdleSeconds="1800"
timeToLiveSeconds="100000"
overflowToDisk="true"
/>
<cache name="gov.nih.nci.camod.domain.impl.PublicationStatusImpl"
maxElementsInMemory="500"
eternal="false"
timeToIdleSeconds="1800"
timeToLiveSeconds="100000"
overflowToDisk="true"
/>
<cache name="gov.nih.nci.camod.domain.impl.PublicationImpl"
maxElementsInMemory="500"
eternal="false"
timeToIdleSeconds="1800"
timeToLiveSeconds="100000"
overflowToDisk="true"
/>
<cache name="gov.nih.nci.camod.domain.impl.PromoterImpl"
maxElementsInMemory="500"
eternal="false"
timeToIdleSeconds="1800"
timeToLiveSeconds="100000"
overflowToDisk="true"
/>
<cache name="gov.nih.nci.camod.domain.impl.PhenotypeImpl"
maxElementsInMemory="500"
eternal="false"
timeToIdleSeconds="1800"
timeToLiveSeconds="100000"
overflowToDisk="true"
/>
<cache name="gov.nih.nci.camod.domain.impl.PersonImpl"
maxElementsInMemory="500"
eternal="false"
timeToIdleSeconds="1800"
timeToLiveSeconds="100000"
overflowToDisk="true"
/>
<cache name="gov.nih.nci.camod.domain.impl.PartyRoleImpl"
maxElementsInMemory="500"
eternal="false"
timeToIdleSeconds="1800"
timeToLiveSeconds="100000"
overflowToDisk="true"
/>
<cache name="gov.nih.nci.camod.domain.impl.PartyRoleImpl.animalModelCollection"
maxElementsInMemory="500"
eternal="false"
timeToIdleSeconds="1800"
timeToLiveSeconds="100000"
overflowToDisk="true"
/>
<cache name="gov.nih.nci.camod.domain.impl.PartyImpl"
maxElementsInMemory="500"
eternal="false"
timeToIdleSeconds="1800"
timeToLiveSeconds="100000"
overflowToDisk="true"
/>
<cache name="gov.nih.nci.camod.domain.impl.PartyImpl.partyRoleCollection"
maxElementsInMemory="500"
eternal="false"
timeToIdleSeconds="1800"
timeToLiveSeconds="100000"
overflowToDisk="true"
/>
<cache name="gov.nih.nci.camod.domain.impl.PartyImpl.contactInfoCollection"
maxElementsInMemory="500"
eternal="false"
timeToIdleSeconds="1800"
timeToLiveSeconds="100000"
overflowToDisk="true"
/>
<cache name="gov.nih.nci.camod.domain.impl.OrganizationImpl"
maxElementsInMemory="500"
eternal="false"
timeToIdleSeconds="1800"
timeToLiveSeconds="100000"
overflowToDisk="true"
/>
<cache name="gov.nih.nci.camod.domain.impl.NomenclatureImpl"
maxElementsInMemory="500"
eternal="false"
timeToIdleSeconds="1800"
timeToLiveSeconds="100000"
overflowToDisk="true"
/>
<cache name="gov.nih.nci.camod.domain.impl.MicroArrayDataImpl"
maxElementsInMemory="500"
eternal="false"
timeToIdleSeconds="1800"
timeToLiveSeconds="100000"
overflowToDisk="true"
/>
<cache name="gov.nih.nci.camod.domain.impl.JaxInfoImpl"
maxElementsInMemory="500"
eternal="false"
timeToIdleSeconds="1800"
timeToLiveSeconds="100000"
overflowToDisk="true"
/>
<cache name="gov.nih.nci.camod.domain.impl.IntegrationTypeImpl"
maxElementsInMemory="500"
eternal="false"
timeToIdleSeconds="1800"
timeToLiveSeconds="100000"
overflowToDisk="true"
/>
<cache name="gov.nih.nci.camod.domain.impl.IntegrationTypeImpl.genomicSegmentCollection"
maxElementsInMemory="500"
eternal="false"
timeToIdleSeconds="1800"
timeToLiveSeconds="100000"
overflowToDisk="true"
/>
<cache name="gov.nih.nci.camod.domain.impl.IntegrationTypeImpl.transgene"
maxElementsInMemory="500"
eternal="false"
timeToIdleSeconds="1800"
timeToLiveSeconds="100000"
overflowToDisk="true"
/>
<cache name="gov.nih.nci.camod.domain.impl.InducedMutationImpl"
maxElementsInMemory="500"
eternal="false"
timeToIdleSeconds="1800"
timeToLiveSeconds="100000"
overflowToDisk="true"
/>
<cache name="gov.nih.nci.camod.domain.impl.InducedMutationImpl.engineeredGeneCollection"
maxElementsInMemory="500"
eternal="false"
timeToIdleSeconds="1800"
timeToLiveSeconds="100000"
overflowToDisk="true"
/>
<cache name="gov.nih.nci.camod.domain.impl.ImageImpl"
maxElementsInMemory="500"
eternal="false"
timeToIdleSeconds="1800"
timeToLiveSeconds="100000"
overflowToDisk="true"
/>
<cache name="gov.nih.nci.camod.domain.impl.GenotypeSummaryImpl"
maxElementsInMemory="500"
eternal="false"
timeToIdleSeconds="1800"
timeToLiveSeconds="100000"
overflowToDisk="true"
/>
<cache name="gov.nih.nci.camod.domain.impl.GenomicSegmentImpl"
maxElementsInMemory="500"
eternal="false"
timeToIdleSeconds="1800"
timeToLiveSeconds="100000"
overflowToDisk="true"
/>
<cache name="gov.nih.nci.camod.domain.impl.GenomicSegmentImpl.engineeredGeneCollection"
maxElementsInMemory="500"
eternal="false"
timeToIdleSeconds="1800"
timeToLiveSeconds="100000"
overflowToDisk="true"
/>
<cache name="gov.nih.nci.camod.domain.impl.GeneticAlterationImpl"
maxElementsInMemory="500"
eternal="false"
timeToIdleSeconds="1800"
timeToLiveSeconds="100000"
overflowToDisk="true"
/>
<cache name="gov.nih.nci.camod.domain.impl.GeneFunctionImpl"
maxElementsInMemory="500"
eternal="false"
timeToIdleSeconds="1800"
timeToLiveSeconds="100000"
overflowToDisk="true"
/>
<cache name="gov.nih.nci.camod.domain.impl.GeneDeliveryImpl"
maxElementsInMemory="500"
eternal="false"
timeToIdleSeconds="1800"
timeToLiveSeconds="100000"
overflowToDisk="true"
/>
<cache name="gov.nih.nci.camod.domain.impl.EnvironmentalFactorImpl"
maxElementsInMemory="500"
eternal="false"
timeToIdleSeconds="1800"
timeToLiveSeconds="100000"
overflowToDisk="true"
/>
<cache name="gov.nih.nci.camod.domain.impl.EnvironmentalFactorImpl.inducedMutationCollection"
maxElementsInMemory="500"
eternal="false"
timeToIdleSeconds="1800"
timeToLiveSeconds="100000"
overflowToDisk="true"
/>
<cache name="gov.nih.nci.camod.domain.impl.EngineeredGeneImpl"
maxElementsInMemory="500"
eternal="false"
timeToIdleSeconds="1800"
timeToLiveSeconds="100000"
overflowToDisk="true"
/>
<cache name="gov.nih.nci.camod.domain.impl.EngineeredGeneImpl.databaseCrossReferenceCollection"
maxElementsInMemory="500"
eternal="false"
timeToIdleSeconds="1800"
timeToLiveSeconds="100000"
overflowToDisk="true"
/>
<cache name="gov.nih.nci.camod.domain.impl.EngineeredGeneImpl.geneCollection"
maxElementsInMemory="500"
eternal="false"
timeToIdleSeconds="1800"
timeToLiveSeconds="100000"
overflowToDisk="true"
/>
<cache name="gov.nih.nci.camod.domain.impl.EngineeredGeneImpl.expressionFeatureCollection"
maxElementsInMemory="500"
eternal="false"
timeToIdleSeconds="1800"
timeToLiveSeconds="100000"
overflowToDisk="true"
/>
<cache name="gov.nih.nci.camod.domain.impl.ContactInfoImpl"
maxElementsInMemory="500"
eternal="false"
timeToIdleSeconds="1800"
timeToLiveSeconds="100000"
overflowToDisk="true"
/>
<cache name="gov.nih.nci.camod.domain.impl.ContactInfoImpl.partyCollection"
maxElementsInMemory="500"
eternal="false"
timeToIdleSeconds="1800"
timeToLiveSeconds="100000"
overflowToDisk="true"
/>
<cache name="gov.nih.nci.camod.domain.impl.ConditionalityImpl"
maxElementsInMemory="500"
eternal="false"
timeToIdleSeconds="1800"
timeToLiveSeconds="100000"
overflowToDisk="true"
/>
<cache name="gov.nih.nci.camod.domain.impl.CellLineImpl"
maxElementsInMemory="500"
eternal="false"
timeToIdleSeconds="1800"
timeToLiveSeconds="100000"
overflowToDisk="true"
/>
<cache name="gov.nih.nci.camod.domain.impl.CellLineImpl.publicationCollection"
maxElementsInMemory="500"
eternal="false"
timeToIdleSeconds="1800"
timeToLiveSeconds="100000"
overflowToDisk="true"
/>
<cache name="gov.nih.nci.camod.domain.impl.CarcinogenicInterventionImpl"
maxElementsInMemory="500"
eternal="false"
timeToIdleSeconds="1800"
timeToLiveSeconds="100000"
overflowToDisk="true"
/>
<cache name="gov.nih.nci.camod.domain.impl.AvailabilityImpl"
maxElementsInMemory="500"
eternal="false"
timeToIdleSeconds="1800"
timeToLiveSeconds="100000"
overflowToDisk="true"
/>
<cache name="gov.nih.nci.camod.domain.impl.AnimalModelImpl"
maxElementsInMemory="500"
eternal="false"
timeToIdleSeconds="1800"
timeToLiveSeconds="100000"
overflowToDisk="true"
/>
<cache name="gov.nih.nci.camod.domain.impl.AnimalModelImpl.xenograftCollection"
maxElementsInMemory="500"
eternal="false"
timeToIdleSeconds="1800"
timeToLiveSeconds="100000"
overflowToDisk="true"
/>
<cache name="gov.nih.nci.camod.domain.impl.AnimalModelImpl.inducedMutationCollection"
maxElementsInMemory="500"
eternal="false"
timeToIdleSeconds="1800"
timeToLiveSeconds="100000"
overflowToDisk="true"
/>
<cache name="gov.nih.nci.camod.domain.impl.AnimalModelImpl.therapyCollection"
maxElementsInMemory="500"
eternal="false"
timeToIdleSeconds="1800"
timeToLiveSeconds="100000"
overflowToDisk="true"
/>
<cache name="gov.nih.nci.camod.domain.impl.AnimalModelImpl.cellLineCollection"
maxElementsInMemory="500"
eternal="false"
timeToIdleSeconds="1800"
timeToLiveSeconds="100000"
overflowToDisk="true"
/>
<cache name="gov.nih.nci.camod.domain.impl.AnimalModelImpl.microArrayDataCollection"
maxElementsInMemory="500"
eternal="false"
timeToIdleSeconds="1800"
timeToLiveSeconds="100000"
overflowToDisk="true"
/>
<cache name="gov.nih.nci.camod.domain.impl.AnimalModelImpl.genomicSegmentCollection"
maxElementsInMemory="500"
eternal="false"
timeToIdleSeconds="1800"
timeToLiveSeconds="100000"
overflowToDisk="true"
/>
<cache name="gov.nih.nci.camod.domain.impl.AnimalModelImpl.partyRoleCollection"
maxElementsInMemory="500"
eternal="false"
timeToIdleSeconds="1800"
timeToLiveSeconds="100000"
overflowToDisk="true"
/>
<cache name="gov.nih.nci.camod.domain.impl.AnimalModelImpl.histopathologyCollection"
maxElementsInMemory="500"
eternal="false"
timeToIdleSeconds="1800"
timeToLiveSeconds="100000"
overflowToDisk="true"
/>
<cache name="gov.nih.nci.camod.domain.impl.AnimalModelImpl.targetedModificationCollection"
maxElementsInMemory="500"
eternal="false"
timeToIdleSeconds="1800"
timeToLiveSeconds="100000"
overflowToDisk="true"
/>
<cache name="gov.nih.nci.camod.domain.impl.AnimalModelImpl.transgeneCollection"
maxElementsInMemory="500"
eternal="false"
timeToIdleSeconds="1800"
timeToLiveSeconds="100000"
overflowToDisk="true"
/>
<cache name="gov.nih.nci.camod.domain.impl.AnimalModelImpl.carcinogenicInterventionCollection"
maxElementsInMemory="500"
eternal="false"
timeToIdleSeconds="1800"
timeToLiveSeconds="100000"
overflowToDisk="true"
/>
<cache name="gov.nih.nci.camod.domain.impl.AnimalModelImpl.imageCollection"
maxElementsInMemory="500"
eternal="false"
timeToIdleSeconds="1800"
timeToLiveSeconds="100000"
overflowToDisk="true"
/>
<cache name="gov.nih.nci.camod.domain.impl.EndpointCodeImpl"
maxElementsInMemory="500"
eternal="false"
timeToIdleSeconds="1800"
timeToLiveSeconds="100000"
overflowToDisk="true"
/>
<cache name="gov.nih.nci.camod.domain.impl.AbstractCancerModelImpl"
maxElementsInMemory="500"
eternal="false"
timeToIdleSeconds="1800"
timeToLiveSeconds="100000"
overflowToDisk="true"
/>
<cache name="gov.nih.nci.camod.domain.impl.AbstractCancerModelImpl.publicationCollection"
maxElementsInMemory="500"
eternal="false"
timeToIdleSeconds="1800"
timeToLiveSeconds="100000"
overflowToDisk="true"
/>
<cache name="gov.nih.nci.camod.domain.impl.AbstractCancerModelImpl.partyRoleCollection"
maxElementsInMemory="500"
eternal="false"
timeToIdleSeconds="1800"
timeToLiveSeconds="100000"
overflowToDisk="true"
/>
<cache name="gov.nih.nci.camod.domain.impl.YeastModelImpl"
maxElementsInMemory="500"
eternal="false"
timeToIdleSeconds="1800"
timeToLiveSeconds="100000"
overflowToDisk="true"
/>
<cache name="gov.nih.nci.camod.domain.impl.YeastModelImpl.targetedModificationCollection"
maxElementsInMemory="500"
eternal="false"
timeToIdleSeconds="1800"
timeToLiveSeconds="100000"
overflowToDisk="true"
/>
<cache name="gov.nih.nci.camod.domain.impl.YeastModelImpl.screeningResultCollection"
maxElementsInMemory="500"
eternal="false"
timeToIdleSeconds="1800"
timeToLiveSeconds="100000"
overflowToDisk="true"
/>
<cache name="gov.nih.nci.camod.domain.impl.ScreeningResultImpl"
maxElementsInMemory="500"
eternal="false"
timeToIdleSeconds="1800"
timeToLiveSeconds="100000"
overflowToDisk="true"
/>
<cache name="gov.nih.nci.camod.domain.impl.TumorCodeImpl"
maxElementsInMemory="500"
eternal="false"
timeToIdleSeconds="1800"
timeToLiveSeconds="100000"
overflowToDisk="true"
/>
<cache name="gov.nih.nci.camod.domain.impl.InvivoResultImpl"
maxElementsInMemory="500"
eternal="false"
timeToIdleSeconds="1800"
timeToLiveSeconds="100000"
overflowToDisk="true"
/>
<cache name="gov.nih.nci.camod.domain.impl.ApprovalStatusImpl"
maxElementsInMemory="500"
eternal="false"
timeToIdleSeconds="1800"
timeToLiveSeconds="100000"
overflowToDisk="true"
/>
<cache name="gov.nih.nci.camod.domain.impl.ModificationTypeImpl"
maxElementsInMemory="500"
eternal="false"
timeToIdleSeconds="1800"
timeToLiveSeconds="100000"
overflowToDisk="true"
/>
<cache name="gov.nih.nci.camod.domain.impl.ModificationTypeImpl.targetedModificationCollection"
maxElementsInMemory="500"
eternal="false"
timeToIdleSeconds="1800"
timeToLiveSeconds="100000"
overflowToDisk="true"
/>
<cache name="gov.nih.nci.camod.domain.impl.ExpressionFeatureImpl"
maxElementsInMemory="500"
eternal="false"
timeToIdleSeconds="1800"
timeToLiveSeconds="100000"
overflowToDisk="true"
/>
<cache name="gov.nih.nci.camod.domain.impl.ExpressionFeatureImpl.organOntologyCollection"
maxElementsInMemory="500"
eternal="false"
timeToIdleSeconds="1800"
timeToLiveSeconds="100000"
overflowToDisk="true"
/>
<cache name="gov.nih.nci.camod.domain.impl.CancerModelImpl"
maxElementsInMemory="500"
eternal="false"
timeToIdleSeconds="1800"
timeToLiveSeconds="100000"
overflowToDisk="true"
/>
<cache name="gov.nih.nci.cabio.domain.impl.VocabularyImpl"
maxElementsInMemory="500"
eternal="false"
timeToIdleSeconds="1800"
timeToLiveSeconds="100000"
overflowToDisk="true"
/>
<cache name="gov.nih.nci.cabio.domain.impl.VocabularyImpl.anomalyCollection"
maxElementsInMemory="500"
eternal="false"
timeToIdleSeconds="1800"
timeToLiveSeconds="100000"
overflowToDisk="true"
/>
<cache name="gov.nih.nci.cabio.domain.impl.TissueImpl"
maxElementsInMemory="500"
eternal="false"
timeToIdleSeconds="1800"
timeToLiveSeconds="100000"
overflowToDisk="true"
/>
<cache name="gov.nih.nci.cabio.domain.impl.TissueImpl.libraryCollection"
maxElementsInMemory="500"
eternal="false"
timeToIdleSeconds="1800"
timeToLiveSeconds="100000"
overflowToDisk="true"
/>
<cache name="gov.nih.nci.cabio.domain.impl.SNPImpl"
maxElementsInMemory="500"
eternal="false"
timeToIdleSeconds="1800"
timeToLiveSeconds="100000"
overflowToDisk="true"
/>
<cache name="gov.nih.nci.cabio.domain.impl.SNPImpl.databaseCrossReferenceCollection"
maxElementsInMemory="500"
eternal="false"
timeToIdleSeconds="1800"
timeToLiveSeconds="100000"
overflowToDisk="true"
/>
<cache name="gov.nih.nci.cabio.domain.impl.SNPImpl.populationFrequencyCollection"
maxElementsInMemory="500"
eternal="false"
timeToIdleSeconds="1800"
timeToLiveSeconds="100000"
overflowToDisk="true"
/>
<cache name="gov.nih.nci.cabio.domain.impl.SNPImpl.locationCollection"
maxElementsInMemory="500"
eternal="false"
timeToIdleSeconds="1800"
timeToLiveSeconds="100000"
overflowToDisk="true"
/>
<cache name="gov.nih.nci.cabio.domain.impl.SNPImpl.geneRelativeLocationCollection"
maxElementsInMemory="500"
eternal="false"
timeToIdleSeconds="1800"
timeToLiveSeconds="100000"
overflowToDisk="true"
/>
<cache name="gov.nih.nci.cabio.domain.impl.GeneAliasImpl"
maxElementsInMemory="500"
eternal="false"
timeToIdleSeconds="1800"
timeToLiveSeconds="100000"
overflowToDisk="true"
/>
<cache name="gov.nih.nci.cabio.domain.impl.GeneAliasImpl.geneCollection"
maxElementsInMemory="500"
eternal="false"
timeToIdleSeconds="1800"
timeToLiveSeconds="100000"
overflowToDisk="true"
/>
<cache name="gov.nih.nci.cabio.domain.impl.ChromosomeImpl"
maxElementsInMemory="500"
eternal="false"
timeToIdleSeconds="1800"
timeToLiveSeconds="100000"
overflowToDisk="true"
/>
<cache name="gov.nih.nci.cabio.domain.impl.ChromosomeImpl.geneCollection"
maxElementsInMemory="500"
eternal="false"
timeToIdleSeconds="1800"
timeToLiveSeconds="100000"
overflowToDisk="true"
/>
<cache name="gov.nih.nci.cabio.domain.impl.ChromosomeImpl.locationCollection"
maxElementsInMemory="500"
eternal="false"
timeToIdleSeconds="1800"
timeToLiveSeconds="100000"
overflowToDisk="true"
/>
<cache name="gov.nih.nci.cabio.domain.impl.CloneImpl"
maxElementsInMemory="500"
eternal="false"
timeToIdleSeconds="1800"
timeToLiveSeconds="100000"
overflowToDisk="true"
/>
<cache name="gov.nih.nci.cabio.domain.impl.CloneImpl.cloneRelativeLocationCollection"
maxElementsInMemory="500"
eternal="false"
timeToIdleSeconds="1800"
timeToLiveSeconds="100000"
overflowToDisk="true"
/>
<cache name="gov.nih.nci.cabio.domain.impl.CloneImpl.nucleicAcidSequenceCollection"
maxElementsInMemory="500"
eternal="false"
timeToIdleSeconds="1800"
timeToLiveSeconds="100000"
overflowToDisk="true"
/>
<cache name="gov.nih.nci.cabio.domain.impl.CloneImpl.taxonCollection"
maxElementsInMemory="500"
eternal="false"
timeToIdleSeconds="1800"
timeToLiveSeconds="100000"
overflowToDisk="true"
/>
<cache name="gov.nih.nci.cabio.domain.impl.TaxonImpl"
maxElementsInMemory="500"
eternal="false"
timeToIdleSeconds="1800"
timeToLiveSeconds="100000"
overflowToDisk="true"
/>
<cache name="gov.nih.nci.cabio.domain.impl.TaxonImpl.cloneCollection"
maxElementsInMemory="500"
eternal="false"
timeToIdleSeconds="1800"
timeToLiveSeconds="100000"
overflowToDisk="true"
/>
<cache name="gov.nih.nci.cabio.domain.impl.TaxonImpl.tissueCollection"
maxElementsInMemory="500"
eternal="false"
timeToIdleSeconds="1800"
timeToLiveSeconds="100000"
overflowToDisk="true"
/>
<cache name="gov.nih.nci.cabio.domain.impl.TaxonImpl.geneCollection"
maxElementsInMemory="500"
eternal="false"
timeToIdleSeconds="1800"
timeToLiveSeconds="100000"
overflowToDisk="true"
/>
<cache name="gov.nih.nci.cabio.domain.impl.TaxonImpl.pathwayCollection"
maxElementsInMemory="500"
eternal="false"
timeToIdleSeconds="1800"
timeToLiveSeconds="100000"
overflowToDisk="true"
/>
<cache name="gov.nih.nci.cabio.domain.impl.TaxonImpl.chromosomeCollection"
maxElementsInMemory="500"
eternal="false"
timeToIdleSeconds="1800"
timeToLiveSeconds="100000"
overflowToDisk="true"
/>
<cache name="gov.nih.nci.cabio.domain.impl.TaxonImpl.proteinCollection"
maxElementsInMemory="500"
eternal="false"
timeToIdleSeconds="1800"
timeToLiveSeconds="100000"
overflowToDisk="true"
/>
<cache name="gov.nih.nci.cabio.domain.impl.TargetImpl"
maxElementsInMemory="500"
eternal="false"
timeToIdleSeconds="1800"
timeToLiveSeconds="100000"
overflowToDisk="true"
/>
<cache name="gov.nih.nci.cabio.domain.impl.TargetImpl.anomalyCollection"
maxElementsInMemory="500"
eternal="false"
timeToIdleSeconds="1800"
timeToLiveSeconds="100000"
overflowToDisk="true"
/>
<cache name="gov.nih.nci.cabio.domain.impl.TargetImpl.geneCollection"
maxElementsInMemory="500"
eternal="false"
timeToIdleSeconds="1800"
timeToLiveSeconds="100000"
overflowToDisk="true"
/>
<cache name="gov.nih.nci.cabio.domain.impl.TargetImpl.agentCollection"
maxElementsInMemory="500"
eternal="false"
timeToIdleSeconds="1800"
timeToLiveSeconds="100000"
overflowToDisk="true"
/>
<cache name="gov.nih.nci.cabio.domain.impl.NucleicAcidSequenceImpl"
maxElementsInMemory="500"
eternal="false"
timeToIdleSeconds="1800"
timeToLiveSeconds="100000"
overflowToDisk="true"
/>
<cache name="gov.nih.nci.cabio.domain.impl.NucleicAcidSequenceImpl.databaseCrossReferenceCollection"
maxElementsInMemory="500"
eternal="false"
timeToIdleSeconds="1800"
timeToLiveSeconds="100000"
overflowToDisk="true"
/>
<cache name="gov.nih.nci.cabio.domain.impl.NucleicAcidSequenceImpl.geneCollection"
maxElementsInMemory="500"
eternal="false"
timeToIdleSeconds="1800"
timeToLiveSeconds="100000"
overflowToDisk="true"
/>
<cache name="gov.nih.nci.cabio.domain.impl.ProtocolAssociationImpl"
maxElementsInMemory="500"
eternal="false"
timeToIdleSeconds="1800"
timeToLiveSeconds="100000"
overflowToDisk="true"
/>
<cache name="gov.nih.nci.cabio.domain.impl.ProtocolImpl"
maxElementsInMemory="500"
eternal="false"
timeToIdleSeconds="1800"
timeToLiveSeconds="100000"
overflowToDisk="true"
/>
<cache name="gov.nih.nci.cabio.domain.impl.ProtocolImpl.libraryCollection"
maxElementsInMemory="500"
eternal="false"
timeToIdleSeconds="1800"
timeToLiveSeconds="100000"
overflowToDisk="true"
/>
<cache name="gov.nih.nci.cabio.domain.impl.ProtocolImpl.tissueCollection"
maxElementsInMemory="500"
eternal="false"
timeToIdleSeconds="1800"
timeToLiveSeconds="100000"
overflowToDisk="true"
/>
<cache name="gov.nih.nci.cabio.domain.impl.PathwayImpl"
maxElementsInMemory="500"
eternal="false"
timeToIdleSeconds="1800"
timeToLiveSeconds="100000"
overflowToDisk="true"
/>
<cache name="gov.nih.nci.cabio.domain.impl.PathwayImpl.histopathologyCollection"
maxElementsInMemory="500"
eternal="false"
timeToIdleSeconds="1800"
timeToLiveSeconds="100000"
overflowToDisk="true"
/>
<cache name="gov.nih.nci.cabio.domain.impl.PathwayImpl.geneCollection"
maxElementsInMemory="500"
eternal="false"
timeToIdleSeconds="1800"
timeToLiveSeconds="100000"
overflowToDisk="true"
/>
<cache name="gov.nih.nci.cabio.domain.impl.OrganOntologyRelationshipImpl"
maxElementsInMemory="500"
eternal="false"
timeToIdleSeconds="1800"
timeToLiveSeconds="100000"
overflowToDisk="true"
/>
<cache name="gov.nih.nci.cabio.domain.impl.OrganOntologyImpl"
maxElementsInMemory="500"
eternal="false"
timeToIdleSeconds="1800"
timeToLiveSeconds="100000"
overflowToDisk="true"
/>
<cache name="gov.nih.nci.cabio.domain.impl.OrganOntologyImpl.anomalyCollection"
maxElementsInMemory="500"
eternal="false"
timeToIdleSeconds="1800"
timeToLiveSeconds="100000"
overflowToDisk="true"
/>
<cache name="gov.nih.nci.cabio.domain.impl.OrganOntologyImpl.childOrganOntologyRelationshipCollection"
maxElementsInMemory="500"
eternal="false"
timeToIdleSeconds="1800"
timeToLiveSeconds="100000"
overflowToDisk="true"
/>
<cache name="gov.nih.nci.cabio.domain.impl.OrganOntologyImpl.parentOrganOntologyRelationshipCollection"
maxElementsInMemory="500"
eternal="false"
timeToIdleSeconds="1800"
timeToLiveSeconds="100000"
overflowToDisk="true"
/>
<cache name="gov.nih.nci.cabio.domain.impl.OrganOntologyImpl.geneCollection"
maxElementsInMemory="500"
eternal="false"
timeToIdleSeconds="1800"
timeToLiveSeconds="100000"
overflowToDisk="true"
/>
<cache name="gov.nih.nci.cabio.domain.impl.OrganOntologyImpl.histopathologyCollection"
maxElementsInMemory="500"
eternal="false"
timeToIdleSeconds="1800"
timeToLiveSeconds="100000"
overflowToDisk="true"
/>
<cache name="gov.nih.nci.cabio.domain.impl.OrganOntologyImpl.expressionFeatureCollection"
maxElementsInMemory="500"
eternal="false"
timeToIdleSeconds="1800"
timeToLiveSeconds="100000"
overflowToDisk="true"
/>
<cache name="gov.nih.nci.cabio.domain.impl.LibraryImpl"
maxElementsInMemory="500"
eternal="false"
timeToIdleSeconds="1800"
timeToLiveSeconds="100000"
overflowToDisk="true"
/>
<cache name="gov.nih.nci.cabio.domain.impl.LibraryImpl.cloneCollection"
maxElementsInMemory="500"
eternal="false"
timeToIdleSeconds="1800"
timeToLiveSeconds="100000"
overflowToDisk="true"
/>
<cache name="gov.nih.nci.cabio.domain.impl.LibraryImpl.histopathologyCollection"
maxElementsInMemory="500"
eternal="false"
timeToIdleSeconds="1800"
timeToLiveSeconds="100000"
overflowToDisk="true"
/>
<cache name="gov.nih.nci.cabio.domain.impl.LibraryImpl.geneCollection"
maxElementsInMemory="500"
eternal="false"
timeToIdleSeconds="1800"
timeToLiveSeconds="100000"
overflowToDisk="true"
/>
<cache name="gov.nih.nci.cabio.domain.impl.HistopathologyImpl"
maxElementsInMemory="500"
eternal="false"
timeToIdleSeconds="1800"
timeToLiveSeconds="100000"
overflowToDisk="true"
/>
<cache name="gov.nih.nci.cabio.domain.impl.HistopathologyImpl.anomalyCollection"
maxElementsInMemory="500"
eternal="false"
timeToIdleSeconds="1800"
timeToLiveSeconds="100000"
overflowToDisk="true"
/>
<cache name="gov.nih.nci.cabio.domain.impl.HistopathologyImpl.clinicalTrialProtocolCollection"
maxElementsInMemory="500"
eternal="false"
timeToIdleSeconds="1800"
timeToLiveSeconds="100000"
overflowToDisk="true"
/>
<cache name="gov.nih.nci.cabio.domain.impl.HistopathologyImpl.libraryCollection"
maxElementsInMemory="500"
eternal="false"
timeToIdleSeconds="1800"
timeToLiveSeconds="100000"
overflowToDisk="true"
/>
<cache name="gov.nih.nci.cabio.domain.impl.HistopathologyImpl.geneCollection"
maxElementsInMemory="500"
eternal="false"
timeToIdleSeconds="1800"
timeToLiveSeconds="100000"
overflowToDisk="true"
/>
<cache name="gov.nih.nci.cabio.domain.impl.HistopathologyImpl.metastasisCollection"
maxElementsInMemory="500"
eternal="false"
timeToIdleSeconds="1800"
timeToLiveSeconds="100000"
overflowToDisk="true"
/>
<cache name="gov.nih.nci.cabio.domain.impl.GeneImpl"
maxElementsInMemory="500"
eternal="false"
timeToIdleSeconds="1800"
timeToLiveSeconds="100000"
overflowToDisk="true"
/>
<cache name="gov.nih.nci.cabio.domain.impl.GeneImpl.pathwayCollection"
maxElementsInMemory="500"
eternal="false"
timeToIdleSeconds="1800"
timeToLiveSeconds="100000"
overflowToDisk="true"
/>
<cache name="gov.nih.nci.cabio.domain.impl.GeneImpl.expressionFeatureCollection"
maxElementsInMemory="500"
eternal="false"
timeToIdleSeconds="1800"
timeToLiveSeconds="100000"
overflowToDisk="true"
/>
<cache name="gov.nih.nci.cabio.domain.impl.GeneImpl.nucleicAcidSequenceCollection"
maxElementsInMemory="500"
eternal="false"
timeToIdleSeconds="1800"
timeToLiveSeconds="100000"
overflowToDisk="true"
/>
<cache name="gov.nih.nci.cabio.domain.impl.GeneImpl.locationCollection"
maxElementsInMemory="500"
eternal="false"
timeToIdleSeconds="1800"
timeToLiveSeconds="100000"
overflowToDisk="true"
/>
<cache name="gov.nih.nci.cabio.domain.impl.GeneImpl.homologousAssociationCollection"
maxElementsInMemory="500"
eternal="false"
timeToIdleSeconds="1800"
timeToLiveSeconds="100000"
overflowToDisk="true"
/>
<cache name="gov.nih.nci.cabio.domain.impl.GeneImpl.geneRelativeLocationCollection"
maxElementsInMemory="500"
eternal="false"
timeToIdleSeconds="1800"
timeToLiveSeconds="100000"
overflowToDisk="true"
/>
<cache name="gov.nih.nci.cabio.domain.impl.GeneImpl.genericReporterCollection"
maxElementsInMemory="500"
eternal="false"
timeToIdleSeconds="1800"
timeToLiveSeconds="100000"
overflowToDisk="true"
/>
<cache name="gov.nih.nci.cabio.domain.impl.GeneImpl.databaseCrossReferenceCollection"
maxElementsInMemory="500"
eternal="false"
timeToIdleSeconds="1800"
timeToLiveSeconds="100000"
overflowToDisk="true"
/>
<cache name="gov.nih.nci.cabio.domain.impl.GeneImpl.libraryCollection"
maxElementsInMemory="500"
eternal="false"
timeToIdleSeconds="1800"
timeToLiveSeconds="100000"
overflowToDisk="true"
/>
<cache name="gov.nih.nci.cabio.domain.impl.GeneImpl.histopathologyCollection"
maxElementsInMemory="500"
eternal="false"
timeToIdleSeconds="1800"
timeToLiveSeconds="100000"
overflowToDisk="true"
/>
<cache name="gov.nih.nci.cabio.domain.impl.GeneImpl.geneAliasCollection"
maxElementsInMemory="500"
eternal="false"
timeToIdleSeconds="1800"
timeToLiveSeconds="100000"
overflowToDisk="true"
/>
<cache name="gov.nih.nci.cabio.domain.impl.GeneImpl.organOntologyCollection"
maxElementsInMemory="500"
eternal="false"
timeToIdleSeconds="1800"
timeToLiveSeconds="100000"
overflowToDisk="true"
/>
<cache name="gov.nih.nci.cabio.domain.impl.GeneImpl.proteinCollection"
maxElementsInMemory="500"
eternal="false"
timeToIdleSeconds="1800"
timeToLiveSeconds="100000"
overflowToDisk="true"
/>
<cache name="gov.nih.nci.cabio.domain.impl.GeneImpl.geneOntologyCollection"
maxElementsInMemory="500"
eternal="false"
timeToIdleSeconds="1800"
timeToLiveSeconds="100000"
overflowToDisk="true"
/>
<cache name="gov.nih.nci.cabio.domain.impl.GeneImpl.targetCollection"
maxElementsInMemory="500"
eternal="false"
timeToIdleSeconds="1800"
timeToLiveSeconds="100000"
overflowToDisk="true"
/>
<cache name="gov.nih.nci.cabio.domain.impl.GeneOntologyRelationshipImpl"
maxElementsInMemory="500"
eternal="false"
timeToIdleSeconds="1800"
timeToLiveSeconds="100000"
overflowToDisk="true"
/>
<cache name="gov.nih.nci.cabio.domain.impl.GeneOntologyImpl"
maxElementsInMemory="500"
eternal="false"
timeToIdleSeconds="1800"
timeToLiveSeconds="100000"
overflowToDisk="true"
/>
<cache name="gov.nih.nci.cabio.domain.impl.GeneOntologyImpl.parentGeneOntologyRelationshipCollection"
maxElementsInMemory="500"
eternal="false"
timeToIdleSeconds="1800"
timeToLiveSeconds="100000"
overflowToDisk="true"
/>
<cache name="gov.nih.nci.cabio.domain.impl.GeneOntologyImpl.geneCollection"
maxElementsInMemory="500"
eternal="false"
timeToIdleSeconds="1800"
timeToLiveSeconds="100000"
overflowToDisk="true"
/>
<cache name="gov.nih.nci.cabio.domain.impl.GeneOntologyImpl.childGeneOntologyRelationshipCollection"
maxElementsInMemory="500"
eternal="false"
timeToIdleSeconds="1800"
timeToLiveSeconds="100000"
overflowToDisk="true"
/>
<cache name="gov.nih.nci.cabio.domain.impl.DiseaseOntologyRelationshipImpl"
maxElementsInMemory="500"
eternal="false"
timeToIdleSeconds="1800"
timeToLiveSeconds="100000"
overflowToDisk="true"
/>
<cache name="gov.nih.nci.cabio.domain.impl.DiseaseOntologyImpl"
maxElementsInMemory="500"
eternal="false"
timeToIdleSeconds="1800"
timeToLiveSeconds="100000"
overflowToDisk="true"
/>
<cache name="gov.nih.nci.cabio.domain.impl.DiseaseOntologyImpl.clinicalTrialProtocolCollection"
maxElementsInMemory="500"
eternal="false"
timeToIdleSeconds="1800"
timeToLiveSeconds="100000"
overflowToDisk="true"
/>
<cache name="gov.nih.nci.cabio.domain.impl.DiseaseOntologyImpl.childDiseaseOntologyRelationshipCollection"
maxElementsInMemory="500"
eternal="false"
timeToIdleSeconds="1800"
timeToLiveSeconds="100000"
overflowToDisk="true"
/>
<cache name="gov.nih.nci.cabio.domain.impl.DiseaseOntologyImpl.histopathologyCollection"
maxElementsInMemory="500"
eternal="false"
timeToIdleSeconds="1800"
timeToLiveSeconds="100000"
overflowToDisk="true"
/>
<cache name="gov.nih.nci.cabio.domain.impl.DiseaseOntologyImpl.parentDiseaseOntologyRelationshipCollection"
maxElementsInMemory="500"
eternal="false"
timeToIdleSeconds="1800"
timeToLiveSeconds="100000"
overflowToDisk="true"
/>
<cache name="gov.nih.nci.cabio.domain.impl.ClinicalTrialProtocolImpl"
maxElementsInMemory="500"
eternal="false"
timeToIdleSeconds="1800"
timeToLiveSeconds="100000"
overflowToDisk="true"
/>
<cache name="gov.nih.nci.cabio.domain.impl.ClinicalTrialProtocolImpl.protocolAssociationCollection"
maxElementsInMemory="500"
eternal="false"
timeToIdleSeconds="1800"
timeToLiveSeconds="100000"
overflowToDisk="true"
/>
<cache name="gov.nih.nci.cabio.domain.impl.ClinicalTrialProtocolImpl.histopathologyCollection"
maxElementsInMemory="500"
eternal="false"
timeToIdleSeconds="1800"
timeToLiveSeconds="100000"
overflowToDisk="true"
/>
<cache name="gov.nih.nci.cabio.domain.impl.ClinicalTrialProtocolImpl.agentCollection"
maxElementsInMemory="500"
eternal="false"
timeToIdleSeconds="1800"
timeToLiveSeconds="100000"
overflowToDisk="true"
/>
<cache name="gov.nih.nci.cabio.domain.impl.ClinicalTrialProtocolImpl.diseaseOntologyCollection"
maxElementsInMemory="500"
eternal="false"
timeToIdleSeconds="1800"
timeToLiveSeconds="100000"
overflowToDisk="true"
/>
<cache name="gov.nih.nci.cabio.domain.impl.AnomalyImpl"
maxElementsInMemory="500"
eternal="false"
timeToIdleSeconds="1800"
timeToLiveSeconds="100000"
overflowToDisk="true"
/>
<cache name="gov.nih.nci.cabio.domain.impl.AnomalyImpl.organOntologyCollection"
maxElementsInMemory="500"
eternal="false"
timeToIdleSeconds="1800"
timeToLiveSeconds="100000"
overflowToDisk="true"
/>
<cache name="gov.nih.nci.cabio.domain.impl.AnomalyImpl.vocabularyCollection"
maxElementsInMemory="500"
eternal="false"
timeToIdleSeconds="1800"
timeToLiveSeconds="100000"
overflowToDisk="true"
/>
<cache name="gov.nih.nci.cabio.domain.impl.AgentImpl"
maxElementsInMemory="500"
eternal="false"
timeToIdleSeconds="1800"
timeToLiveSeconds="100000"
overflowToDisk="true"
/>
<cache name="gov.nih.nci.cabio.domain.impl.AgentImpl.clinicalTrialProtocolCollection"
maxElementsInMemory="500"
eternal="false"
timeToIdleSeconds="1800"
timeToLiveSeconds="100000"
overflowToDisk="true"
/>
<cache name="gov.nih.nci.cabio.domain.impl.AgentImpl.targetCollection"
maxElementsInMemory="500"
eternal="false"
timeToIdleSeconds="1800"
timeToLiveSeconds="100000"
overflowToDisk="true"
/>
<cache name="gov.nih.nci.cabio.domain.impl.PopulationFrequencyImpl"
maxElementsInMemory="500"
eternal="false"
timeToIdleSeconds="1800"
timeToLiveSeconds="100000"
overflowToDisk="true"
/>
<cache name="gov.nih.nci.cabio.domain.impl.ProteinImpl"
maxElementsInMemory="500"
eternal="false"
timeToIdleSeconds="1800"
timeToLiveSeconds="100000"
overflowToDisk="true"
/>
<cache name="gov.nih.nci.cabio.domain.impl.ProteinImpl.proteinAliasCollection"
maxElementsInMemory="500"
eternal="false"
timeToIdleSeconds="1800"
timeToLiveSeconds="100000"
overflowToDisk="true"
/>
<cache name="gov.nih.nci.cabio.domain.impl.ProteinImpl.geneCollection"
maxElementsInMemory="500"
eternal="false"
timeToIdleSeconds="1800"
timeToLiveSeconds="100000"
overflowToDisk="true"
/>
<cache name="gov.nih.nci.cabio.domain.impl.ProteinImpl.taxonCollection"
maxElementsInMemory="500"
eternal="false"
timeToIdleSeconds="1800"
timeToLiveSeconds="100000"
overflowToDisk="true"
/>
<cache name="gov.nih.nci.cabio.domain.impl.ProteinSequenceImpl"
maxElementsInMemory="500"
eternal="false"
timeToIdleSeconds="1800"
timeToLiveSeconds="100000"
overflowToDisk="true"
/>
<cache name="gov.nih.nci.cabio.domain.impl.ProteinAliasImpl"
maxElementsInMemory="500"
eternal="false"
timeToIdleSeconds="1800"
timeToLiveSeconds="100000"
overflowToDisk="true"
/>
<cache name="gov.nih.nci.cabio.domain.impl.ProteinAliasImpl.proteinCollection"
maxElementsInMemory="500"
eternal="false"
timeToIdleSeconds="1800"
timeToLiveSeconds="100000"
overflowToDisk="true"
/>
<cache name="gov.nih.nci.cabio.domain.impl.HomologousAssociationImpl"
maxElementsInMemory="500"
eternal="false"
timeToIdleSeconds="1800"
timeToLiveSeconds="100000"
overflowToDisk="true"
/>
<cache name="gov.nih.nci.cabio.domain.impl.CytobandImpl"
maxElementsInMemory="500"
eternal="false"
timeToIdleSeconds="1800"
timeToLiveSeconds="100000"
overflowToDisk="true"
/>
<cache name="gov.nih.nci.cabio.domain.impl.LocationImpl"
maxElementsInMemory="500"
eternal="false"
timeToIdleSeconds="1800"
timeToLiveSeconds="100000"
overflowToDisk="true"
/>
<cache name="gov.nih.nci.cabio.domain.impl.PhysicalLocationImpl"
maxElementsInMemory="500"
eternal="false"
timeToIdleSeconds="1800"
timeToLiveSeconds="100000"
overflowToDisk="true"
/>
<cache name="gov.nih.nci.cabio.domain.impl.PhysicalLocationImpl.cytobandCollection"
maxElementsInMemory="500"
eternal="false"
timeToIdleSeconds="1800"
timeToLiveSeconds="100000"
overflowToDisk="true"
/>
<cache name="gov.nih.nci.cabio.domain.impl.CytogeneticLocationImpl"
maxElementsInMemory="500"
eternal="false"
timeToIdleSeconds="1800"
timeToLiveSeconds="100000"
overflowToDisk="true"
/>
<cache name="gov.nih.nci.cabio.domain.impl.CloneRelativeLocationImpl"
maxElementsInMemory="500"
eternal="false"
timeToIdleSeconds="1800"
timeToLiveSeconds="100000"
overflowToDisk="true"
/>
<cache name="gov.nih.nci.cabio.domain.impl.GeneRelativeLocationImpl"
maxElementsInMemory="500"
eternal="false"
timeToIdleSeconds="1800"
timeToLiveSeconds="100000"
overflowToDisk="true"
/>
<cache name="gov.nih.nci.cabio.domain.impl.GenericReporterImpl"
maxElementsInMemory="500"
eternal="false"
timeToIdleSeconds="1800"
timeToLiveSeconds="100000"
overflowToDisk="true"
/>
<cache name="gov.nih.nci.cabio.domain.impl.GenericReporterImpl.genericArrayCollection"
maxElementsInMemory="500"
eternal="false"
timeToIdleSeconds="1800"
timeToLiveSeconds="100000"
overflowToDisk="true"
/>
<cache name="gov.nih.nci.cabio.domain.impl.GenericArrayImpl"
maxElementsInMemory="500"
eternal="false"
timeToIdleSeconds="1800"
timeToLiveSeconds="100000"
overflowToDisk="true"
/>
<cache name="gov.nih.nci.cabio.domain.impl.GenericArrayImpl.genericReporterCollection"
maxElementsInMemory="500"
eternal="false"
timeToIdleSeconds="1800"
timeToLiveSeconds="100000"
overflowToDisk="true"
/>
</ehcache>
