<transformation>
	<model-access 
		className="gov.nih.nci.codegen.core.access.UML13ModelAccess"
		xmiURI="file:models/xmi/test_fixed.xmi"
		modelName="EA Model"/>
	
	<filter-chain>
     <filter 
     	name="model-filter" 
     	className="gov.nih.nci.codegen.core.filter.UML13ModelFilter">
			<param name="modelName" value="EA Model"/>
     	</filter>
	</filter-chain>

	<transformer-chain>
	 <transformer name="hbc"
	 	className="gov.nih.nci.codegen.core.transformer.UML13HBCTransformer">
	 	<param name="basePackage" value="Logical View.Logical Model"/>
	 	<param name="fileSuffix" value=".hbm.xml"/>
	 	
	  <filter name="classifier" className="gov.nih.nci.codegen.core.filter.UML13ClassifierFilter">
	   <match-interface value="false"/>
	   <package>
	    <include>Logical\sView\.Logical\sModel\.test</include>
	   </package>
	  </filter>
	 </transformer>
	</transformer-chain>

	<artifact-handler 
		className="gov.nih.nci.codegen.core.handler.SimpleFileHandler">
		<param name="outputDir" value="output"/>
		<param name="fileName" value="hibernate.cfg.xml"/>
	</artifact-handler>

</transformation>