<?xml version="1.0" encoding="UTF-8"?>
<!DOCTYPE beans PUBLIC "-//SPRING//DTD BEAN//EN" "http://www.springframework.org/dtd/spring-beans.dtd">
<beans>
	<bean id="defaultHandlerMapping"
		class="org.springframework.web.servlet.handler.BeanNameUrlHandlerMapping" />
	<bean name="/remoteService"
		class="org.springframework.remoting.httpinvoker.HttpInvokerServiceExporter">
		<property name="service">
			<ref bean="remoteService" />
		</property>
		<property name="serviceInterface">
			<value>
				gov.nih.nci.system.comm.common.ApplicationServiceProxy
			</value>
		</property>
	</bean>
</beans>