<transformation>
	<model-access
		className="gov.nih.nci.codegen.core.access.UML13ModelAccess"
		xmiURI="file:@LOGICAL_MODEL@"
		modelName="EA Model"/>

	<filter-chain>
     <filter
     	name="model-filter"
     	className="gov.nih.nci.codegen.core.filter.UML13ModelFilter">
			<param name="modelName" value="EA Model"/>
     	</filter>
	</filter-chain>

	<transformer-chain>
	 <transformer name="wsddEVSutil"
	 	className="gov.nih.nci.codegen.core.transformer.UML13WSDDTransformerForEVS">
	 	<param name="basePackage" value="Logical View.Logical Model"/>
	 	<param name="database" value="@DATABASE@"/>
	 	<param name="webserviceName" value="@WEBSERVICENAME@"/>
	 	<param name="outputDir" value="@OUTPUTDIR@/conf/"/>
	 	<param name="evsFileName" value="evsBeans.properties"/>
	  <filter name="classifier" className="gov.nih.nci.codegen.core.filter.UML13ClassifierFilter">
	   <package>
	    <include>@INCLUDE_PACKAGE@</include>
	   </package>
	  </filter>
	 </transformer>
	</transformer-chain>

	<artifact-handler
		className="gov.nih.nci.codegen.core.handler.SimpleFileHandler">
		<param name="outputDir" value="@OUTPUTDIR@/conf/"/>
		<param name="fileName" value="deploy.wsdd"/>
	</artifact-handler>

</transformation>




