<?xml version="1.0" encoding="UTF-8"?>
<!DOCTYPE hibernate-mapping PUBLIC "-//Hibernate/Hibernate Mapping DTD 3.0//EN" "http://hibernate.sourceforge.net/hibernate-mapping-3.0.dtd">

<hibernate-mapping package="gov.nih.nci.cadsr.domain.impl">
  <class name="DataElementDerivationImpl" table="CABIO_DE_DERIVATIONS_VIEW" lazy="false">
    <cache usage="read-only" />
    <id name="id" type="java.lang.String" column="CDR_IDSEQ">
      <generator class="assigned" />
    </id>
    <property name="displayOrder" type="java.lang.Integer" column="DISPLAY_ORDER" />
    <property name="dateCreated" type="java.util.Date" column="DATE_CREATED" />
    <property name="dateModified" type="java.util.Date" column="DATE_MODIFIED" />
    <property name="createdBy" type="java.lang.String" column="CREATED_BY" />
    <property name="modifiedBy" type="java.lang.String" column="MODIFIED_BY" />
    <many-to-one name="dataElement" class="gov.nih.nci.cadsr.domain.impl.DataElementImpl" column="C_DE_IDSEQ" lazy="false" fetch="join"/>
    <many-to-one name="derivedDataElement" class="gov.nih.nci.cadsr.domain.impl.DerivedDataElementImpl" column="P_DE_IDSEQ" lazy="false" fetch="join"/>
  </class>
</hibernate-mapping>

