<?xml version="1.0" encoding="UTF-8"?>
<!DOCTYPE hibernate-mapping PUBLIC "-//Hibernate/Hibernate Mapping DTD 3.0//EN" "http://hibernate.sourceforge.net/hibernate-mapping-3.0.dtd">

<hibernate-mapping package="gov.nih.nci.cadsr.domain.impl">
  <class name="PermissibleValueImpl" table="CABIO_PERMISSIBLE_VALUES_VIEW" lazy="false">
    <cache usage="read-only" />
    <id name="id" type="java.lang.String" column="PV_IDSEQ">
      <generator class="assigned" />
    </id>
    <property name="value" type="java.lang.String" column="VALUE" />
    <property name="highValueNumber" type="java.lang.Long" column="HIGH_VALUE_NUM" />
    <property name="lowValueNumber" type="java.lang.Long" column="LOW_VALUE_NUM" />
    <property name="dateCreated" type="java.util.Date" column="DATE_CREATED" />
    <property name="dateModified" type="java.util.Date" column="DATE_MODIFIED" />
    <property name="createdBy" type="java.lang.String" column="CREATED_BY" />
    <property name="modifiedBy" type="java.lang.String" column="MODIFIED_BY" />
    <many-to-one name="valueMeaning" class="gov.nih.nci.cadsr.domain.impl.ValueMeaningImpl" column="SHORT_MEANING" lazy="false" fetch="join"/>
    <set name="valueDomainPermissibleValueCollection" lazy="true" inverse="true">
      <cache usage="read-only" />
      <key column="PV_IDSEQ" />
      <one-to-many class="gov.nih.nci.cadsr.domain.impl.ValueDomainPermissibleValueImpl" />
    </set>
  </class>
</hibernate-mapping>

