<?xml version="1.0" encoding="UTF-8"?>
<!DOCTYPE hibernate-mapping PUBLIC "-//Hibernate/Hibernate Mapping DTD 3.0//EN" "http://hibernate.sourceforge.net/hibernate-mapping-3.0.dtd">

<hibernate-mapping package="gov.nih.nci.cadsr.domain.impl">
  <class name="ReferenceDocumentImpl" table="CABIO_REFERENCE_DOCS_VIEW" lazy="false">
    <cache usage="read-only" />
    <id name="id" type="java.lang.String" column="RD_IDSEQ">
      <generator class="assigned" />
    </id>
    <property name="name" type="java.lang.String" column="NAME" />
    <property name="type" type="java.lang.String" column="DCTL_NAME" />
    <property name="doctext" type="java.lang.String" column="DOC_TEXT" />
    <property name="URL" type="java.lang.String" column="URL" />
    <property name="languageName" type="java.lang.String" column="LAE_NAME" />
    <property name="organizationId" type="java.lang.String" column="ORG_IDSEQ" />
    <property name="rdtlName" type="java.lang.String" column="RDTL_NAME" />
    <property name="displayOrder" type="java.lang.Long" column="DISPLAY_ORDER" />
    <property name="dateCreated" type="java.util.Date" column="DATE_CREATED" />
    <property name="dateModified" type="java.util.Date" column="DATE_MODIFIED" />
    <property name="createdBy" type="java.lang.String" column="CREATED_BY" />
    <property name="modifiedBy" type="java.lang.String" column="MODIFIED_BY" />
    <many-to-one name="context" class="gov.nih.nci.cadsr.domain.impl.ContextImpl" column="CONTE_IDSEQ" lazy="false" fetch="join"/>
  </class>
</hibernate-mapping>

