<?xml version="1.0" encoding="UTF-8"?>
<!DOCTYPE hibernate-mapping PUBLIC "-//Hibernate/Hibernate Mapping DTD 3.0//EN" "http://hibernate.sourceforge.net/hibernate-mapping-3.0.dtd">

<hibernate-mapping package="gov.nih.nci.cabio.domain.impl">
  <class name="SNPImpl" table="SNP_TV" mutable="false">
    <cache usage="read-only" />
    <id name="id" type="java.lang.Long" column="ID">
      <generator class="assigned" />
    </id>
    <property name="DBSNPID" type="java.lang.String" column="DB_SNP_ID" />
    <property name="validationStatus" type="java.lang.String" column="VALIDATION_STATUS" />
    <property name="alleleA" type="java.lang.String" column="ALLELE_A" />
    <property name="alleleB" type="java.lang.String" column="ALLELE_B" />
    <set name="databaseCrossReferenceCollection" lazy="true">
      <cache usage="read-only" />
      <key column="SOURCE_ID" />
      <one-to-many class="gov.nih.nci.common.domain.impl.DatabaseCrossReferenceImpl" />
    </set>
    <set name="populationFrequencyCollection" lazy="true" inverse="true">
      <cache usage="read-only" />
      <key column="SNP_ID" />
      <one-to-many class="gov.nih.nci.cabio.domain.impl.PopulationFrequencyImpl" />
    </set>
    <set name="locationCollection" lazy="true" inverse="true">
      <cache usage="read-only" />
      <key column="SNP_ID" />
      <one-to-many class="gov.nih.nci.cabio.domain.impl.LocationImpl" />
    </set>
    <set name="geneRelativeLocationCollection" lazy="true">
      <cache usage="read-only" />
      <key column="SNP_ID" />
      <one-to-many class="gov.nih.nci.cabio.domain.impl.GeneRelativeLocationImpl" />
    </set>
  </class>
</hibernate-mapping>

