<?xml version="1.0" encoding="UTF-8"?>
<!DOCTYPE hibernate-mapping PUBLIC "-//Hibernate/Hibernate Mapping DTD 3.0//EN" "http://hibernate.sourceforge.net/hibernate-mapping-3.0.dtd">

<hibernate-mapping package="gov.nih.nci.cadsr.domain.impl">
  <class name="DefinitionClassSchemeItemImpl" table="CABIO_DEFINITION_CSI_VIEW" lazy="false">
    <cache usage="read-only" />
    <id name="id" type="java.lang.String" column="ACA_IDSEQ">
      <generator class="assigned" />
    </id>
    <property name="dateModified" type="java.util.Date" column="DATE_MODIFIED" />
    <property name="dateCreated" type="java.util.Date" column="DATE_CREATED" />
    <property name="createdBy" type="java.lang.String" column="CREATED_BY" />
    <property name="modifiedBy" type="java.lang.String" column="MODIFIED_BY" />
    <many-to-one name="classSchemeClassSchemeItem" class="gov.nih.nci.cadsr.domain.impl.ClassSchemeClassSchemeItemImpl" column="CS_CSI_IDSEQ" lazy="false" fetch="join"/>
    <many-to-one name="definition" class="gov.nih.nci.cadsr.domain.impl.DefinitionImpl" column="ATT_IDSEQ" lazy="false" fetch="join"/>
  </class>
</hibernate-mapping>

