9,1970,Prevalence of murine C-type RNA virus group specific antigen in inbred strains of mice,,1071,1080,Life Sci,Myers DD; Meier H; Huebner RJ,J:22741,1
36,1966,Bioassay of 29 alkylating chemicals by the pulmonary-tumor response in strain A mice,,915,935,J Natl Cancer Inst,Shimkin MB; Weisburger JH; Weisburger EK; Gubareff N; Suntzeff V,J:22757,1
1,1978,Influence of the H-2 and H-1 histocompatibility systems upon life span and spontaneous cancer incidences in congenic mice,,281,312,,Smith GS; Walford RL,J:22760,1
25,1952,Differences in response among mice of fifteen inbred strains to the subcutaneous injection of methylcholanthrene,,34,43,,Strong LC,J:22766,1
,1963,Genetics of Neoplasia,,247,268,,Heston WE,J:23470,1
52,1937,Incidence of spontaneous tumors in a colony of strain C3H mice,,772,780,Public Health Rep,Andervont HB; McEleney WJ,J:2394,1
1,1941,Spontaneous tumors in a subline of strain C3H mice,,737,744,J Natl Cancer Inst,Andervont HB; McEleney WJ,J:2395,1
28,1962,"Development of tumors, especially mammary tumors, in agent-free strain DBA/2eB mice",,203,210,J Natl Cancer Inst,Deringer MK,J:2414,1
74,1941,Histological changes following ovariectomy in mice. I. dba high tumor strain,,1,8,J Exp Med,Fekete E; Woolley G; Little CC,J:2418,1
30,1945,A case of neighboring loci with similar effects,,543,568,Genetics,Dunn LC; Caspari E,J:242,1
14,1954,Observations on leukemia in AKR mice born from transferred ova and nursed by low leukemic mothers,,445,447,Cancer Res,Fekete E; Otis HK,J:2421,1
1,1946,Prolongation of life with prevention of leukemia by thymectomy in mice,,46,54,J Gerontol,Furth J,J:2422,1
51,1973,A comparative study of the biologic and molecular basis of murine mammary carcinoma: A model for human breast cancer,,541,551,J Natl Cancer Inst,Schlom J; Michalides R; Kufe D; Hehlmann R; Spiegelman S; Bentvelzen P; Hgeman P,J:24308,1
24,1960,"High incidence of spontaneous hepatomas and the increase of this incidence with urethan in C3H, C3Hf, and C3He male mice",,425,435,J Natl Cancer Inst,Heston WE; Vlahakis G; Deringer MK,J:2433,1
11,1950,"Observations on the effect of thymectomy on spontaneous leukemias in mice of the high-leukemic strains, RIL and C58",,253,262,J Natl Cancer Inst,Law LW; Miller JH,J:2445,1
36,1939,The genetics of non-epithelial tumor formation in mice,,431,450,Am J Cancer,Little CC; Murray WS; Cloudman AM,J:2448,1
15,1954,The R.I.L. strain of mice. Its relation to the leukemic AK strain and AKR substrains,,161,176,J Natl Cancer Inst,Lynch CJ,J:2451,1
68,1948,Mouse leukemia. XIII. A maternal influence that lowers the incidence of spontaneous cases,,571,577,Proc Soc Exp Biol Med,MacDowell EC; Taylor MJ,J:2456,1
142,1962,Attempts to alter incidence of leukemia and Mammary cancer in C3H/Fg mice,,233,233,Anat Rec,Fuchs PC,J:24576,1
39,1940,A genetic analysis of the induction of tumors by methylcholanthrene. With a note on the origin of the NH strain of mice.,,347,349,Am J Cancer,Strong LC,J:24585,1
4,1963,"SJL/J, a new inbred strain of mouse with a high, early incidence of reticulum-cell neoplasms",,43,43,Proc Am Assoc Cancer Res,Murphy ED,J:2463,1
43,1926,Studies on the relation between tumor susceptibility and heredity. III. Spontaneous tumors of the lung in mice.,,339,355,J Exp Med,Lynch CJ,J:24654,1
17,1956,The effect of subcutaneous inoculation of 4-o-Tolylazo-o-Toluidine in strain HR mice,,533,539,J Natl Cancer Inst,Deringer MK,J:24688,1
22,1959,"Occurrence of tumors, particularly mammary tumors, in agent-free strain C3HeB mice",,995,1002,J Natl Cancer Inst,Deringer MK,J:24689,1
32,1964,"Strain DD, a new high mammary tumor strain, and comparison of DD with strain C3H",,237,251,J Natl Cancer Inst,Heston WE; Vlahakis G; Tsubura Y,J:24690,1
,1966,Lifespan and aging patterns,,511,519,,Russell ES,J:2470,1
68,1983,Establishment of the TAI and TAII strains of inbred mice and studies on their biological characteristics,,85,85,Mouse News Lett,Yi L; Bing-shui L; Hua L; Yuying Z; Jiayong L,J:24748,1
17,1936,Production of the CBA strain of inbred mice: Long life associated with low tumour incidence,,60,63,Br J Exp Pathol,Strong LC,J:2482,1
,1966,Characteristic Tumors,,521,562,,Murphy ED,J:24830,1
54,1939,Development and genetic characteristics of the adenomatous stomach lesion in strain I mice,,1851,1855,Public Health Rep,Andervont HB,J:24848,1
19,1961,A new mouse strain susceptible to mammary cancer,,706,707,Tex Rep Biol Med,Taylor A; McKenna GF,J:24876,1
15,1961,Tumour incidence and tumour-free sublines in BR6 mice,,561,567,Br J Cancer,Mundy J; Williams PC,J:24879,1
25,1939,Mammary tumor development in mice ovariectomized at birth,,277,279,Proc Natl Acad Sci U S A,Woolley G; Fekete E; Little CC,J:2492,1
5,1945,The incidence of adrenal cortical carcinoma in gonadectomized female mice of the extreme dilution strain. 1. Observations on the adrenal cortex,,193,202,Cancer Res,Woolley GW; Little CC,J:2494,1
15,1955,The time factor in inhibition of lymphoid-tumor development by injection of marrow cell suspensions into irradiated C57BL mice,,975,979,J Natl Cancer Inst,Kaplan HS; Moses LE; Brown MB; Nagareda CS; Hirsch BB,J:26151,1
,1966,Addendum II. Standardized nomenclature fo inbred strains of mice,,123,128,,Tajima Y,J:27823,1
3,1957,On the oncological characteristics of C3HA mice,,201,207,Vopr Onkol,Maluguina LL; Prokofieva OG,J:27973,1
83,1975,Ultrastructure of Ovarian Teratomas in LT mice,,261,267,Z Krebsforsch,Damjanov I; Katic V; Stevens LC,J:27979,1
,1971,Instability of characteristics in inbred strains of mice,,230,249,,Muhlbock O; van Ebbenhorst Tengbergen WP,J:36410,1
,1996,4-nitroquinoline-1-oxide (4NQO)-induced murine oral cavity carcinogenesis: A paradigm of human head and neck cancer.,,79,87,,Hendler FJ; Yuan B; Heniford BW; Hawkins BL; Oechsli MN; Lentsch EM; Hu LH; Menes JC; Alagar R; ShumSiu A; Ackermann DM,J:39261,1
,1973,Disease descriptions and incidences,,,,,Clapp NK,J:49029,1
15,1954,Induced ovarian and adrenal tumors,,711,715,J Natl Cancer Inst,Hummel KP,J:50501,1
3,1942,Inheritance of susceptibility to spontaneous pulmonary tumors in mice,,79,82,J Natl Cancer Inst,Heston WE,J:50503,1
196,1962,Ovarian tumors induced by a sterilizing steroid,,946,948,Nature,Lipschutz A; Iglesias R; Salinas S,J:50504,1
16,1955,Neoplasms in the C3H strain and in F1 hybrid mice of two crosses following introduction of extracts and filtrates of leukemic tissues,,495,539,J Natl Cancer Inst,Law LW; Dunn TB; Boyle PJ,J:50505,1
25,1965,Further observations on late somatic effects of radiomimetic chemicals and x-rays in mice,,20,28,Cancer Res,Conklin JW; Upton AC; Christenberry KW,J:50506,1
27,1961,Genetic and environmental influences on teratocarcinogenesis in mice,,443,453,J Natl Cancer Inst,Stevens LC; Mackensen JA,J:50508,1
,1965,Inbred Strains of Mice No. 4,,,,Companion to Mouse News Lett No. 33,Staats J,J:54944,1
,1969,Inbred Strains of Mice No. 6,,,,Companion to Mouse News Lett No. 41,Staats J,J:55166,1
,1959,Inbred Strains of Mice No. 1,,,,Companion to Mouse News Lett No. 21,Staats J,J:55930,1
,1961,Inbred Strains of Mice No. 2,,,,Companion to Mouse News Lett No. 25,Staats J,J:55931,1
,1963,Inbred Strains of Mice No. 3,,,,Companion to Mouse News Lett No. 29,Staats J,J:55932,1
,1967,Inbred Strains of Mice No. 5,,,,Companion to Mouse News Lett No. 37,Staats J,J:55933,1
,1971,Inbred Strains of Mice No. 7,,,,Companion to Mouse News Lett No. 45,Staats J,J:55934,1
,1973,Inbred Strains of Mice No. 8,,,,Companion to Mouse News Lett No. 49,Staats J,J:55935,1
2,2001,Deficiency of Pten accelerates mammary oncogenesis in MMTV-Wnt-1 transgenic mice.,,2,,BMC Mol Biol,"Li Y, Podsypanina K, Liu X, Crane A, Tan LK, Parsons R, Varmus HE.",J:67497,1
,2003,Effect of chemopreventive agents on separate stages of progression of benzo[alpha]pyrene induced lung tumors in A/J mice,,,,Carcinogenesis,,J:86512,1
42,2005,"SAGE profiling of UV-induced mouse skin squamous cell carcinomas, comparison with acute UV irradiation effects.",15547921,40,52,Mol Carcinog,Rundhaug JE; Hawkins KA; Pavone A; Gaddis S; Kil H; Klein RD; Berton TR; McCauley E; Johnson DG; Lubet RA; Fischer SM; Aldaz CM,J:94115,1
,1997,Pathology image and annotation source,,,,Personal Communication,Sundberg J,J:94307,1
,2001,Source for unpublished tumor frequency,,,,Personal Communication,D'Andrea AD,J:94308,1
,2002,Pathology image and annotation source,,,,Personal Communication,Mikaelian I; Sundberg JP,J:94310,1
,2003,Pathology image and annotation source,,,,Personal Communication,Mikaelian I; Sundberg JP,J:94313,1
,2003,"Tumor incidence, pathology image and annotation source",,,,Personal Communication,Mikaelian I,J:94314,1
,2003,Pathology image and annotation source,,,,Personal Communication,Nikitin AY,J:94315,1
,2003,Pathology annotation source,,,,Personal Communication,Abel MH,J:94317,1
,2003,Pathology image and annotation source,,,,Personal Communication,Gordon-Thomson C,J:94318,1
,2004,"Tumor incidence, pathology image and annotation source",,,,Personal Communication,Mikaelian I,J:94320,1
,2003,Pathology annotation source,,,,Personal Communication,Bronson RT,J:94321,1
,2003,Pathology annotation source,,,,Personal Communication,Evert M,J:94323,1
,2003,Pathology image source,,,,Personal Communication,Augenlicht LH,J:94324,1
,2003,Pathology image source,,,,Personal Communication,Yang WC,J:94325,1
,2003,Pathology annotation source,,,,Personal Communication,Ward J,J:94326,1
,2003,Pathology image source,,,,Personal Communication,Lacroix-Triki M,J:94327,1
,2003,Pathology image and annotation source,,,,Personal Communication,Tong WM,J:94328,1
,2003,Pathology image source,,,,Personal Communication,Roy-Burman P,J:94329,1
,2003,Pathology image source,,,,Personal Communication,Crosby K,J:94331,1
,2004,Pathology annotation source,,,,Personal Communication,Summers BA,J:94335,1
,2004,Pathology annotation source,,,,Personal Communication,Bronson RT,J:94336,1
94,1996,"Inbred Strains of Mice (Updated July 30, 1996)",,523,677,Mouse Genome,Festing MFW,J:97121,1
,2004,Pathology image and annotation source,,,,Personal Communication,Mikaelian I; Sundberg JP,J:97123,1
,2004,Pathology annotation source,,,,Personal Communication,Lyons BL,J:97125,1
40,1954,Spontaneous Testicular Teratomas in an Inbred Strain of Mice.,16578442,1080,1087,Proc Natl Acad Sci U S A. ,"Stevens LC, Little CC.",J:26336,1
,,,,,,,,,
