<?xml version="1.0" encoding="UTF-8"?>
<!DOCTYPE hibernate-mapping PUBLIC "-//Hibernate/Hibernate Mapping DTD 3.0//EN" "http://hibernate.sourceforge.net/hibernate-mapping-3.0.dtd">

<hibernate-mapping package="gov.nih.nci.cabio.domain.impl">
  <class name="CloneImpl" table="CLONE_TV" mutable="false">
    <cache usage="read-only" />
    <id name="id" type="java.lang.Long" column="CLONE_ID">
      <generator class="assigned" />
    </id>
    <property name="insertSize" type="java.lang.Long" column="INSERT_SIZE" />
    <property name="type" type="java.lang.String" column="TYPE" />
    <property name="name" type="java.lang.String" column="CLONE_NAME" />
    <set name="cloneRelativeLocationCollection" lazy="true" inverse="true">
      <cache usage="read-only" />
      <key column="CLONE_ID" />
      <one-to-many class="gov.nih.nci.cabio.domain.impl.CloneRelativeLocationImpl" />
    </set>
    <many-to-one name="library" class="gov.nih.nci.cabio.domain.impl.LibraryImpl" column="LIBRARY_ID" lazy="true" />
    <set name="nucleicAcidSequenceCollection" lazy="true">
      <cache usage="read-only" />
      <key column="CLONE_ID" />
      <one-to-many class="gov.nih.nci.cabio.domain.impl.NucleicAcidSequenceImpl" />
    </set>
    <set name="taxonCollection" table="CLONE_TAXON" lazy="true">
      <cache usage="read-only" />
      <key column="CLONE_ID" />
      <many-to-many class="gov.nih.nci.cabio.domain.impl.TaxonImpl" column="TAXON_ID" />
    </set>
  </class>
</hibernate-mapping>

