<?xml version="1.0" encoding="UTF-8"?>
<!DOCTYPE hibernate-mapping PUBLIC "-//Hibernate/Hibernate Mapping DTD 3.0//EN" "http://hibernate.sourceforge.net/hibernate-mapping-3.0.dtd">

<hibernate-mapping package="gov.nih.nci.cabio.domain.impl">
  <class name="CloneRelativeLocationImpl" table="CLONE_RELATIVE_LOCATION" mutable="false">
    <cache usage="read-only" />
    <id name="id" type="java.lang.Long" column="ID">
      <generator class="assigned" />
    </id>
    <property name="type" type="java.lang.String" column="TYPE" />
    <many-to-one name="clone" class="gov.nih.nci.cabio.domain.impl.CloneImpl" column="CLONE_ID" lazy="true" />
    <many-to-one name="nucleicAcidSequence" class="gov.nih.nci.cabio.domain.impl.NucleicAcidSequenceImpl" column="NUCLEIC_ACID_SEQUENCE_ID" unique="true" lazy="true" />
  </class>
</hibernate-mapping>

