<?xml version="1.0" encoding="UTF-8"?>
<!DOCTYPE hibernate-mapping PUBLIC "-//Hibernate/Hibernate Mapping DTD 3.0//EN" "http://hibernate.sourceforge.net/hibernate-mapping-3.0.dtd">

<hibernate-mapping package="gov.nih.nci.cabio.domain.impl">
  <class name="DiseaseOntologyRelationshipImpl" table="DISEASE_RELATIONSHIP" mutable="false">
    <cache usage="read-only" />
    <id name="id" type="java.lang.Long" column="ID">
      <generator class="assigned" />
    </id>
    <property name="type" type="java.lang.String" column="RELATIONSHIP" />
    <many-to-one name="childDiseaseOntology" class="gov.nih.nci.cabio.domain.impl.DiseaseOntologyImpl" column="CHILD_ID" lazy="true" />
    <many-to-one name="parentDiseaseOntology" class="gov.nih.nci.cabio.domain.impl.DiseaseOntologyImpl" column="PARENT_ID" lazy="true" />
  </class>
</hibernate-mapping>

