<?xml version="1.0" encoding="UTF-8"?>
<!DOCTYPE hibernate-mapping PUBLIC "-//Hibernate/Hibernate Mapping DTD 3.0//EN" "http://hibernate.sourceforge.net/hibernate-mapping-3.0.dtd">

<hibernate-mapping package="gov.nih.nci.cabio.domain.impl">
  <class name="ProteinSequenceImpl" table="PROTEIN_SEQUENCE" mutable="false">
    <cache usage="read-only" />
    <id name="id" type="java.lang.Long" column="ID">
      <generator class="assigned" />
    </id>
    <property name="molecularWeightInDaltons" type="java.lang.Double" column="DALTONWEIGHT" />
    <property name="checkSum" type="java.lang.String" column="CHECKSUM" />
    <property name="value" type="gov.nih.nci.common.util.StringClobType" column="VALUE" />
    <property name="length" type="java.lang.Long" column="LENGTH" />
    <many-to-one name="protein" class="gov.nih.nci.cabio.domain.impl.ProteinImpl" column="PROTEIN_ID" unique="true" lazy="true" />
  </class>
</hibernate-mapping>

