<?xml version="1.0" encoding="UTF-8"?>
<jalopy>
    <general>
        <compliance>
            <version>14</version>
        </compliance>
        <style>
            <description>Sun Java Coding Convention</description>
            <name>Sun</name>
        </style>
    </general>
    <inspector>
        <enable>false</enable>
        <tips>
            <adhereToNamingConvention>false</adhereToNamingConvention>
            <alwaysOverrideHashCode>false</alwaysOverrideHashCode>
            <avoidThreadGroups>false</avoidThreadGroups>
            <declareCollectionComment>false</declareCollectionComment>
            <dontIgnoreExceptions>false</dontIgnoreExceptions>
            <dontSubstituteObjectEquals>false</dontSubstituteObjectEquals>
            <neverDeclareException>false</neverDeclareException>
            <neverDeclareThrowable>false</neverDeclareThrowable>
            <neverInvokeWaitOutsideLoop>false</neverInvokeWaitOutsideLoop>
            <neverReturnZeroArrays>false</neverReturnZeroArrays>
            <neverUseEmptyFinally>false</neverUseEmptyFinally>
            <obeyContractEquals>false</obeyContractEquals>
            <overrideToString>false</overrideToString>
            <referToObjectsByInterface>false</referToObjectsByInterface>
            <replaceStructureWithClass>false</replaceStructureWithClass>
            <stringLiterallI18n>false</stringLiterallI18n>
            <useInterfaceOnlyForTypes>false</useInterfaceOnlyForTypes>
            <wrongCollectionComment>false</wrongCollectionComment>
        </tips>
    </inspector>
    <internal>
        <version>6</version>
    </internal>
    <messages>
        <priority>
            <general>30000</general>
            <parser>30000</parser>
            <parserJavadoc>30000</parserJavadoc>
            <printer>30000</printer>
            <printerJavadoc>30000</printerJavadoc>
            <transform>30000</transform>
        </priority>
        <showErrorStackTrace>true</showErrorStackTrace>
    </messages>
    <misc>
        <threadCount>1</threadCount>
    </misc>
    <printer>
        <backup>
            <directory>bak</directory>
            <level>0</level>
        </backup>
        <blanklines>
            <after>
                <header>0</header>
            </after>
            <before>
                <header>0</header>
            </before>
        </blanklines>
        <braces>
            <empty>
                <cuddle>false</cuddle>
                <insertStatement>false</insertStatement>
            </empty>
            <insert>
                <dowhile>false</dowhile>
                <for>false</for>
                <ifelse>true</ifelse>
                <while>false</while>
            </insert>
            <remove>
                <block>true</block>
                <dowhile>false</dowhile>
                <for>false</for>
                <ifelse>false</ifelse>
                <while>false</while>
            </remove>
            <treatDifferent>
                <methodClass>false</methodClass>
                <methodClassIfWrapped>false</methodClassIfWrapped>
            </treatDifferent>
        </braces>
        <comments>
            <format>
                <multiline>true</multiline>
            </format>
            <javadoc>
                <check>
                    <innerclass>false</innerclass>
                    <tags>true</tags>
                    <throwsTags>true</throwsTags>
                </check>
                <fieldsShort>true</fieldsShort>
                <generate>
                    <class>1</class>
                    <constructor>1</constructor>
                    <field>1</field>
                    <method>1</method>
                </generate>
                <parseComments>true</parseComments>
                <tags>
                    <in-line />
                    <standard />
                </tags>
                <templates>
                    <class>/**| * | *| * @author CODEGEN| * @version $Id: codegen_convention.xml,v 1.1 2004/12/23 22:00:04 phillijo Exp $| */</class>
                    <constructor>
                        <bottom> */</bottom>
                        <exception> * @throws $exceptionType$ DOCUMENT ME!</exception>
                        <param> * @param $paramType$ DOCUMENT ME!</param>
                        <top>/**| * Creates a new $objectType$ object.</top>
                    </constructor>
                    <interface>/**| * | *| * @author CODEGEN| * @version $Id: codegen_convention.xml,v 1.1 2004/12/23 22:00:04 phillijo Exp $| */</interface>
                    <method>
                        <bottom> */</bottom>
                        <exception> * @throws $exceptionType$ DOCUMENT ME!</exception>
                        <param> * @param $paramType$ DOCUMENT ME!</param>
                        <return> * @return DOCUMENT ME!</return>
                        <top>/**| * DOCUMENT ME!</top>
                    </method>
                    <variable>/**| * DOCUMENT ME!| */</variable>
                </templates>
            </javadoc>
            <remove>
                <javadoc>false</javadoc>
                <multiline>false</multiline>
                <singleline>false</singleline>
            </remove>
        </comments>
        <header>
            <keys />
            <smartMode>0</smartMode>
            <text>/*| */</text>
            <use>false</use>
        </header>
        <history>
            <policy>disabled</policy>
        </history>
        <imports>
            <grouping>
                <defaultDepth>3</defaultDepth>
                <packages>*:0|gnu:2|java:2|javax:2</packages>
            </grouping>
            <policy>disabled</policy>
            <sort>true</sort>
        </imports>
        <indentation>
            <sizes>
                <braceCuddled>1</braceCuddled>
                <braceLeft>1</braceLeft>
                <braceRight>0</braceRight>
                <braceRightAfter>1</braceRightAfter>
                <deep>55</deep>
            </sizes>
        </indentation>
        <misc>
            <arrayBracketsAfterIdent>false</arrayBracketsAfterIdent>
            <forceFormatting>false</forceFormatting>
            <insertExpressionParentheses>true</insertExpressionParentheses>
            <insertLoggingConditional>false</insertLoggingConditional>
            <insertTrailingNewline>true</insertTrailingNewline>
            <insertUID>false</insertUID>
        </misc>
        <wrapping>
            <always>
                <after>
                    <arrayElement>0</arrayElement>
                    <braceRight>false</braceRight>
                    <extendsTypes>false</extendsTypes>
                    <implementsTypes>false</implementsTypes>
                    <label>true</label>
                    <methodCallChained>false</methodCallChained>
                    <ternaryOperator>
                        <first>false</first>
                        <second>false</second>
                    </ternaryOperator>
                    <throwsTypes>false</throwsTypes>
                </after>
                <before>
                    <braceLeft>false</braceLeft>
                    <extends>false</extends>
                    <implements>false</implements>
                    <throws>false</throws>
                </before>
                <parameter>
                    <methodCall>false</methodCall>
                    <methodCallNested>false</methodCallNested>
                    <methodDeclaration>false</methodDeclaration>
                </parameter>
            </always>
            <general>
                <beforeOperator>false</beforeOperator>
                <enable>true</enable>
                <lineLength>80</lineLength>
            </general>
            <ondemand>
                <after>
                    <assignment>false</assignment>
                    <leftParenthesis>false</leftParenthesis>
                    <parameter>false</parameter>
                    <types>
                        <extends>false</extends>
                        <implements>false</implements>
                        <throws>false</throws>
                    </types>
                </after>
                <before>
                    <rightParenthesis>false</rightParenthesis>
                </before>
                <groupingParentheses>false</groupingParentheses>
            </ondemand>
        </wrapping>
    </printer>
</jalopy>

